acc,accuracy,auto_log,average_response_time,avg_rt,background,canvas_backend,compensation,coordinates,correct,correct__mouse_response,correct_response,count_Pocetak_vezbe,count__mouse_response,count_exp_logger,count_exp_loop,count_experiment,count_ft_exp,count_kraj_eksperimenta,count_meta_exp,count_pocetak_eksperimenta,count_prazan_ekran_exp,count_vezba_loop,count_vezba_sequence,cursor_x,cursor_y,description,font_bold,font_family,font_italic,font_size,foreground,height,ignore_missing,keyboard_backend,leksikalnost,mouse_backend,oblik,rec,red1,repeat_cycle,response,response_Pocetak_vezbe,response__mouse_response,response_time,response_time_Pocetak_vezbe,response_time__mouse_response,sampler_backend,start,subject_nr,subject_parity,synth_backend,time_Pocetak_vezbe,time__mouse_response,time_ft_exp,time_meta_exp,time_prazan_ekran_exp,title,transparent_variables,trial_number,use_quotes,width
100,100,yes,855,855,black,xpyriment,0,relative,1,1,3,0,0,0,0,0,0,0,0,0,0,0,0,-448,265,Logs experimental data,no,mono,no,40,grey,768,no,legacy,pseudorec,xpyriment,OJ,HENOJ,913,0,3,space,3,855,197003,855,legacy,experiment,2,even,legacy,2187,201028,200024,201028,199521,PRIDEVI_B,no,913,no,1024
100,100,yes,846,846,black,xpyriment,0,relative,1,1,1,0,1,1,0,0,1,0,1,0,1,0,1,-448,265,Logs experimental data,no,mono,no,40,grey,768,no,legacy,rec,xpyriment,OJ,DALEKOJ,909,0,1,space,1,837,197003,837,legacy,experiment,2,even,legacy,2187,203758,202754,203758,202250,PRIDEVI_B,no,909,no,1024
100,100,yes,1023,1023,black,xpyriment,0,relative,1,1,3,0,2,2,0,0,2,0,2,0,2,0,2,-448,265,Logs experimental data,no,mono,no,40,grey,768,no,legacy,pseudorec,xpyriment,OM,SRMTOM,915,0,3,space,3,1379,197003,1379,legacy,experiment,2,even,legacy,2187,206352,205348,206352,204844,PRIDEVI_B,no,915,no,1024
100,100,yes,951,951,black,xpyriment,0,relative,1,1,3,0,3,3,0,0,3,0,3,0,3,0,3,-448,265,Logs experimental data,no,mono,no,40,grey,768,no,legacy,pseudorec,xpyriment,OG,CANOG,914,0,3,space,3,735,197003,735,legacy,experiment,2,even,legacy,2187,209492,208487,209492,207983,PRIDEVI_B,no,914,no,1024
100,100,yes,892,892,black,xpyriment,0,relative,1,1,1,0,4,4,0,0,4,0,4,0,4,0,4,-448,265,Logs experimental data,no,mono,no,40,grey,768,no,legacy,rec,xpyriment,OM,OČAJNOM,908,0,1,space,1,658,197003,658,legacy,experiment,2,even,legacy,2187,211985,210981,211985,210477,PRIDEVI_B,no,908,no,1024
100,100,yes,842,842,black,xpyriment,0,relative,1,1,3,0,5,5,0,0,5,0,5,0,5,0,5,-448,265,Logs experimental data,no,mono,no,40,grey,768,no,legacy,pseudorec,xpyriment,OG,ALZOG,911,0,3,space,3,591,197003,591,legacy,experiment,2,even,legacy,2187,214404,213400,214404,212896,PRIDEVI_B,no,911,no,1024
100,100,yes,805,805,black,xpyriment,0,relative,1,1,1,0,6,6,0,0,6,0,6,0,6,0,6,-448,265,Logs experimental data,no,mono,no,40,grey,768,no,legacy,rec,xpyriment,OG,MALOG,904,0,1,space,1,581,197003,581,legacy,experiment,2,even,legacy,2187,216814,215810,216814,215306,PRIDEVI_B,no,904,no,1024
100,100,yes,785,785,black,xpyriment,0,relative,1,1,3,0,7,7,0,0,7,0,7,0,7,0,7,-448,265,Logs experimental data,no,mono,no,40,grey,768,no,legacy,pseudorec,xpyriment,OJ,MAJETOJ,919,0,3,space,3,648,197003,648,legacy,experiment,2,even,legacy,2187,219195,218191,219195,217687,PRIDEVI_B,no,919,no,1024
100,100,yes,758,758,black,xpyriment,0,relative,1,1,3,0,8,8,0,0,8,0,8,0,8,0,8,-448,265,Logs experimental data,no,mono,no,40,grey,768,no,legacy,pseudorec,xpyriment,OM,IČAPNOM,918,0,3,space,3,544,197003,544,legacy,experiment,2,even,legacy,2187,221603,220599,221603,220095,PRIDEVI_B,no,918,no,1024
100,100,yes,749,749,black,xpyriment,0,relative,1,1,3,0,9,9,0,0,9,0,9,0,9,0,9,-448,265,Logs experimental data,no,mono,no,40,grey,768,no,legacy,pseudorec,xpyriment,OJ,ČAROTNOJ,916,0,3,space,3,663,197003,663,legacy,experiment,2,even,legacy,2187,223908,222904,223908,222400,PRIDEVI_B,no,916,no,1024
100,100,yes,737,737,black,xpyriment,0,relative,1,1,1,0,10,10,0,0,10,0,10,0,10,0,10,-448,265,Logs experimental data,no,mono,no,40,grey,768,no,legacy,rec,xpyriment,OJ,LEVOJ,903,0,1,space,1,617,197003,617,legacy,experiment,2,even,legacy,2187,226338,225335,226338,224831,PRIDEVI_B,no,903,no,1024
100,100,yes,713,713,black,xpyriment,0,relative,1,1,3,0,11,11,0,0,11,0,11,0,11,0,11,-448,265,Logs experimental data,no,mono,no,40,grey,768,no,legacy,pseudorec,xpyriment,OG,HOLOG,917,0,3,space,3,449,197003,449,legacy,experiment,2,even,legacy,2187,228714,227710,228714,227206,PRIDEVI_B,no,917,no,1024
100,100,yes,694,694,black,xpyriment,0,relative,1,1,1,0,12,12,0,0,12,0,12,0,12,0,12,-448,265,Logs experimental data,no,mono,no,40,grey,768,no,legacy,rec,xpyriment,OM,DOBROM,902,0,1,space,1,474,197003,474,legacy,experiment,2,even,legacy,2187,230937,229933,230937,229429,PRIDEVI_B,no,902,no,1024
100,100,yes,700,700,black,xpyriment,0,relative,1,1,1,0,13,13,0,0,13,0,13,0,13,0,13,-448,265,Logs experimental data,no,mono,no,40,grey,768,no,legacy,rec,xpyriment,OM,SOČNOM,910,0,1,space,1,777,197003,777,legacy,experiment,2,even,legacy,2187,233186,232183,233186,231679,PRIDEVI_B,no,910,no,1024
100,100,yes,691,691,black,xpyriment,0,relative,1,1,1,0,14,14,0,0,14,0,14,0,14,0,14,-448,265,Logs experimental data,no,mono,no,40,grey,768,no,legacy,rec,xpyriment,OJ,NARODNOJ,906,0,1,space,1,564,197003,564,legacy,experiment,2,even,legacy,2187,235727,234723,235726,234219,PRIDEVI_B,no,906,no,1024
100,100,yes,679,679,black,xpyriment,0,relative,1,1,1,0,15,15,0,0,15,0,15,0,15,0,15,-448,265,Logs experimental data,no,mono,no,40,grey,768,no,legacy,rec,xpyriment,OG,NOVOG,907,0,1,space,1,495,197003,495,legacy,experiment,2,even,legacy,2187,238052,237048,238052,236544,PRIDEVI_B,no,907,no,1024
100,100,yes,680,680,black,xpyriment,0,relative,1,1,3,0,16,16,0,0,16,0,16,0,16,0,16,-448,265,Logs experimental data,no,mono,no,40,grey,768,no,legacy,pseudorec,xpyriment,OM,LORTOM,912,0,3,space,3,704,197003,704,legacy,experiment,2,even,legacy,2187,240371,239367,240371,238863,PRIDEVI_B,no,912,no,1024
100,100,yes,670,670,black,xpyriment,0,relative,1,1,1,0,17,17,0,0,17,0,17,0,17,0,17,-448,265,Logs experimental data,no,mono,no,40,grey,768,no,legacy,rec,xpyriment,OG,ISTOG,901,0,1,space,1,500,197003,500,legacy,experiment,2,even,legacy,2187,242831,241827,242830,241323,PRIDEVI_B,no,901,no,1024
100,100,yes,661,661,black,xpyriment,0,relative,1,1,1,0,18,18,0,0,18,0,18,0,18,0,18,-448,265,Logs experimental data,no,mono,no,40,grey,768,no,legacy,rec,xpyriment,OM,MRTVOM,905,0,1,space,1,490,197003,490,legacy,experiment,2,even,legacy,2187,245089,244086,245089,243582,PRIDEVI_B,no,905,no,1024
100,100,yes,663,663,black,xpyriment,0,relative,1,1,3,0,19,19,0,0,19,0,19,0,19,0,19,-448,265,Logs experimental data,no,mono,no,40,grey,768,no,legacy,pseudorec,xpyriment,OM,GOBNOM,920,0,3,space,3,708,197003,708,legacy,experiment,2,even,legacy,2187,247335,246331,247335,245827,PRIDEVI_B,no,920,no,1024
100,100,yes,663,663,black,xpyriment,0,relative,1,1,3,0,20,20,0,0,20,0,20,0,20,0,19,-432,257,Logs experimental data,no,mono,no,40,grey,768,no,legacy,pseudorec,xpyriment,OJ,LAPANOJ,197,0,3,space,3,655,197003,655,legacy,experiment,2,even,legacy,2187,251764,250760,251764,250256,PRIDEVI_B,no,197,no,1024
100,100,yes,664,664,black,xpyriment,0,relative,1,1,3,0,21,21,0,0,21,0,21,0,21,0,19,-432,257,Logs experimental data,no,mono,no,40,grey,768,no,legacy,pseudorec,xpyriment,OJ,TILBINOJ,210,0,3,space,3,690,197003,690,legacy,experiment,2,even,legacy,2187,254185,253181,254185,252677,PRIDEVI_B,no,210,no,1024
100,100,yes,666,666,black,xpyriment,0,relative,1,1,3,0,22,22,0,0,22,0,22,0,22,0,19,-432,257,Logs experimental data,no,mono,no,40,grey,768,no,legacy,pseudorec,xpyriment,OG,PUMNOG,132,0,3,space,3,725,197003,725,legacy,experiment,2,even,legacy,2187,256710,255706,256710,255203,PRIDEVI_B,no,132,no,1024
100,100,yes,666,666,black,xpyriment,0,relative,1,1,1,0,23,23,0,0,23,0,23,0,23,0,19,-432,257,Logs experimental data,no,mono,no,40,grey,768,no,legacy,rec,xpyriment,OM,NEBESKOM,45,0,1,space,1,660,197003,660,legacy,experiment,2,even,legacy,2187,259199,258195,259199,257691,PRIDEVI_B,no,45,no,1024
100,100,yes,661,661,black,xpyriment,0,relative,1,1,3,0,24,24,0,0,24,0,24,0,24,0,19,-432,257,Logs experimental data,no,mono,no,40,grey,768,no,legacy,pseudorec,xpyriment,OJ,FRKENOJ,206,0,3,space,3,543,197003,543,legacy,experiment,2,even,legacy,2187,261652,260648,261651,260144,PRIDEVI_B,no,206,no,1024
96.1538461538,96.1538461538,yes,656,656,black,xpyriment,0,relative,0,0,1,0,25,25,0,0,25,0,25,0,25,0,19,-432,257,Logs experimental data,no,mono,no,40,grey,768,no,legacy,rec,xpyriment,OG,RANJENOG,71,0,3,space,3,523,197003,523,legacy,experiment,2,even,legacy,2187,263976,262973,263976,262469,PRIDEVI_B,no,71,no,1024
92.5925925926,92.5925925926,yes,662,662,black,xpyriment,0,relative,0,0,1,0,26,26,0,0,26,0,26,0,26,0,19,-432,257,Logs experimental data,no,mono,no,40,grey,768,no,legacy,rec,xpyriment,OG,ŠIROKOG,77,0,3,space,3,834,197003,834,legacy,experiment,2,even,legacy,2187,266257,265254,266257,264750,PRIDEVI_B,no,77,no,1024
92.8571428571,92.8571428571,yes,662,662,black,xpyriment,0,relative,1,1,3,0,27,27,0,0,27,0,27,0,27,0,19,-432,257,Logs experimental data,no,mono,no,40,grey,768,no,legacy,pseudorec,xpyriment,OJ,URTIVOJ,199,0,3,space,3,645,197003,645,legacy,experiment,2,even,legacy,2187,268846,267843,268846,267339,PRIDEVI_B,no,199,no,1024
93.1034482759,93.1034482759,yes,660,660,black,xpyriment,0,relative,1,1,3,0,28,28,0,0,28,0,28,0,28,0,19,-432,257,Logs experimental data,no,mono,no,40,grey,768,no,legacy,pseudorec,xpyriment,OJ,OTKENOJ,196,0,3,space,3,615,197003,615,legacy,experiment,2,even,legacy,2187,271284,270280,271284,269777,PRIDEVI_B,no,196,no,1024
93.3333333333,93.3333333333,yes,656,656,black,xpyriment,0,relative,1,1,1,0,29,29,0,0,29,0,29,0,29,0,19,-432,257,Logs experimental data,no,mono,no,40,grey,768,no,legacy,rec,xpyriment,OJ,TUŽNOJ,94,0,1,space,1,530,197003,530,legacy,experiment,2,even,legacy,2187,273745,272742,273745,272238,PRIDEVI_B,no,94,no,1024
93.5483870968,93.5483870968,yes,652,652,black,xpyriment,0,relative,1,1,1,0,30,30,0,0,30,0,30,0,30,0,19,-432,257,Logs experimental data,no,mono,no,40,grey,768,no,legacy,rec,xpyriment,OJ,DUBOKOJ,16,0,1,space,1,541,197003,541,legacy,experiment,2,even,legacy,2187,276062,275059,276062,274555,PRIDEVI_B,no,16,no,1024
93.75,93.75,yes,662,662,black,xpyriment,0,relative,1,1,3,0,31,31,0,0,31,0,31,0,31,0,19,-432,257,Logs experimental data,no,mono,no,40,grey,768,no,legacy,pseudorec,xpyriment,OG,RIJENOG,120,0,3,space,3,978,197003,978,legacy,experiment,2,even,legacy,2187,278361,277358,278361,276855,PRIDEVI_B,no,120,no,1024
93.9393939394,93.9393939394,yes,665,665,black,xpyriment,0,relative,1,1,1,0,32,32,0,0,32,0,32,0,32,0,19,-432,257,Logs experimental data,no,mono,no,40,grey,768,no,legacy,rec,xpyriment,OG,SUROVOG,89,0,1,space,1,769,197003,769,legacy,experiment,2,even,legacy,2187,281114,280111,281114,279607,PRIDEVI_B,no,89,no,1024
94.1176470588,94.1176470588,yes,665,665,black,xpyriment,0,relative,1,1,3,0,33,33,0,0,33,0,33,0,33,0,19,-439,274,Logs experimental data,no,mono,no,40,grey,768,no,legacy,pseudorec,xpyriment,OM,DURAVOM,156,0,3,space,3,637,197003,637,legacy,experiment,2,even,legacy,2187,283638,282634,283638,282131,PRIDEVI_B,no,156,no,1024
94.2857142857,94.2857142857,yes,662,662,black,xpyriment,0,relative,1,1,1,0,34,34,0,0,34,0,34,0,34,0,19,-446,284,Logs experimental data,no,mono,no,40,grey,768,no,legacy,rec,xpyriment,OM,SLOBODNOM,81,0,1,space,1,571,197003,571,legacy,experiment,2,even,legacy,2187,286032,285027,286032,284524,PRIDEVI_B,no,81,no,1024
94.4444444444,94.4444444444,yes,660,660,black,xpyriment,0,relative,1,1,3,0,35,35,0,0,35,0,35,0,35,0,19,-446,284,Logs experimental data,no,mono,no,40,grey,768,no,legacy,pseudorec,xpyriment,OJ,NETERNOJ,194,0,3,space,3,604,197003,604,legacy,experiment,2,even,legacy,2187,288359,287355,288359,286850,PRIDEVI_B,no,194,no,1024
94.5945945946,94.5945945946,yes,659,659,black,xpyriment,0,relative,1,1,3,0,36,36,0,0,36,0,36,0,36,0,19,-446,284,Logs experimental data,no,mono,no,40,grey,768,no,legacy,pseudorec,xpyriment,OJ,OSKENOJ,198,0,3,space,3,598,197003,598,legacy,experiment,2,even,legacy,2187,290717,289714,290717,289211,PRIDEVI_B,no,198,no,1024
94.7368421053,94.7368421053,yes,670,670,black,xpyriment,0,relative,1,1,1,0,37,37,0,0,37,0,37,0,37,0,19,-446,284,Logs experimental data,no,mono,no,40,grey,768,no,legacy,rec,xpyriment,OJ,PRIVREDNOJ,67,0,1,space,1,1083,197003,1083,legacy,experiment,2,even,legacy,2187,293072,292068,293072,291565,PRIDEVI_B,no,67,no,1024
94.8717948718,94.8717948718,yes,672,672,black,xpyriment,0,relative,1,1,3,0,38,38,0,0,38,0,38,0,38,0,19,-447,285,Logs experimental data,no,mono,no,40,grey,768,no,legacy,pseudorec,xpyriment,OG,SIRANOG,129,0,3,space,3,750,197003,750,legacy,experiment,2,even,legacy,2187,295909,294904,295909,294401,PRIDEVI_B,no,129,no,1024
95,95,yes,671,671,black,xpyriment,0,relative,1,1,1,0,39,39,0,0,39,0,39,0,39,0,19,-447,285,Logs experimental data,no,mono,no,40,grey,768,no,legacy,rec,xpyriment,OG,LAŽNOG,32,0,1,space,1,629,197003,629,legacy,experiment,2,even,legacy,2187,298422,297419,298422,296914,PRIDEVI_B,no,32,no,1024
92.6829268293,92.6829268293,yes,691,691,black,xpyriment,0,relative,0,0,1,0,40,40,0,0,40,0,40,0,40,0,19,NA,NA,Logs experimental data,no,mono,no,40,grey,768,no,legacy,rec,xpyriment,OJ,NEZNANOJ,52,0,None,space,None,1501,197003,1501,legacy,experiment,2,even,legacy,2187,300804,299801,300804,299297,PRIDEVI_B,no,52,no,1024
92.8571428571,92.8571428571,yes,690,690,black,xpyriment,0,relative,1,1,1,0,41,41,0,0,41,0,41,0,41,0,19,-448,295,Logs experimental data,no,mono,no,40,grey,768,no,legacy,rec,xpyriment,OG,BESKRAJNOG,2,0,1,space,1,661,197003,661,legacy,experiment,2,even,legacy,2187,304110,303105,304109,302602,PRIDEVI_B,no,2,no,1024
93.023255814,93.023255814,yes,686,686,black,xpyriment,0,relative,1,1,1,0,42,42,0,0,42,0,42,0,42,0,19,-448,306,Logs experimental data,no,mono,no,40,grey,768,no,legacy,rec,xpyriment,OM,SVETSKOM,90,0,1,space,1,491,197003,491,legacy,experiment,2,even,legacy,2187,306536,305532,306536,305028,PRIDEVI_B,no,90,no,1024
93.1818181818,93.1818181818,yes,689,689,black,xpyriment,0,relative,1,1,1,0,43,43,0,0,43,0,43,0,43,0,19,-448,310,Logs experimental data,no,mono,no,40,grey,768,no,legacy,rec,xpyriment,OJ,MEKOJ,37,0,1,space,1,826,197003,826,legacy,experiment,2,even,legacy,2187,308785,307781,308784,307277,PRIDEVI_B,no,37,no,1024
93.3333333333,93.3333333333,yes,689,689,black,xpyriment,0,relative,1,1,1,0,44,44,0,0,44,0,44,0,44,0,19,-448,314,Logs experimental data,no,mono,no,40,grey,768,no,legacy,rec,xpyriment,OG,TANKOG,92,0,1,space,1,706,197003,706,legacy,experiment,2,even,legacy,2187,311401,310397,311401,309893,PRIDEVI_B,no,92,no,1024
93.4782608696,93.4782608696,yes,684,684,black,xpyriment,0,relative,1,1,1,0,45,45,0,0,45,0,45,0,45,0,19,-448,318,Logs experimental data,no,mono,no,40,grey,768,no,legacy,rec,xpyriment,OG,DNEVNOG,14,0,1,space,1,475,197003,475,legacy,experiment,2,even,legacy,2187,313896,312892,313895,312388,PRIDEVI_B,no,14,no,1024
93.6170212766,93.6170212766,yes,685,685,black,xpyriment,0,relative,1,1,3,0,46,46,0,0,46,0,46,0,46,0,19,-448,330,Logs experimental data,no,mono,no,40,grey,768,no,legacy,pseudorec,xpyriment,OG,KUDNOG,130,0,3,space,3,729,197003,729,legacy,experiment,2,even,legacy,2187,316138,315135,316138,314631,PRIDEVI_B,no,130,no,1024
93.75,93.75,yes,683,683,black,xpyriment,0,relative,1,1,1,0,47,47,0,0,47,0,47,0,47,0,19,-448,332,Logs experimental data,no,mono,no,40,grey,768,no,legacy,rec,xpyriment,OM,KULTURNOM,30,0,1,space,1,557,197003,557,legacy,experiment,2,even,legacy,2187,318654,317648,318653,317145,PRIDEVI_B,no,30,no,1024
93.8775510204,93.8775510204,yes,680,680,black,xpyriment,0,relative,1,1,1,0,48,48,0,0,48,0,48,0,48,0,19,-448,332,Logs experimental data,no,mono,no,40,grey,768,no,legacy,rec,xpyriment,OG,MIRISNOG,38,0,1,space,1,556,197003,556,legacy,experiment,2,even,legacy,2187,320975,319972,320975,319468,PRIDEVI_B,no,38,no,1024
94,94,yes,677,677,black,xpyriment,0,relative,1,1,1,0,49,49,0,0,49,0,49,0,49,0,19,-447,341,Logs experimental data,no,mono,no,40,grey,768,no,legacy,rec,xpyriment,OJ,NEČUJNOJ,46,0,1,space,1,548,197003,548,legacy,experiment,2,even,legacy,2187,323303,322299,323303,321796,PRIDEVI_B,no,46,no,1024
94.1176470588,94.1176470588,yes,675,675,black,xpyriment,0,relative,1,1,1,0,50,50,0,0,50,0,50,0,50,0,19,-446,365,Logs experimental data,no,mono,no,40,grey,768,no,legacy,rec,xpyriment,OJ,KRATKOJ,28,0,1,space,1,576,197003,576,legacy,experiment,2,even,legacy,2187,325651,324647,325651,324143,PRIDEVI_B,no,28,no,1024
94.2307692308,94.2307692308,yes,671,671,black,xpyriment,0,relative,1,1,1,0,51,51,0,0,51,0,51,0,51,0,19,-446,365,Logs experimental data,no,mono,no,40,grey,768,no,legacy,rec,xpyriment,OG,NAUČNOG,44,0,1,space,1,441,197003,441,legacy,experiment,2,even,legacy,2187,328066,327063,328066,326561,PRIDEVI_B,no,44,no,1024
94.3396226415,94.3396226415,yes,672,672,black,xpyriment,0,relative,1,1,3,0,52,52,0,0,52,0,52,0,52,0,19,-446,366,Logs experimental data,no,mono,no,40,grey,768,no,legacy,pseudorec,xpyriment,OG,NUSIVOG,138,0,3,space,3,727,197003,727,legacy,experiment,2,even,legacy,2187,330276,329271,330276,328767,PRIDEVI_B,no,138,no,1024
94.4444444444,94.4444444444,yes,671,671,black,xpyriment,0,relative,1,1,3,0,53,53,0,0,53,0,53,0,53,0,19,-446,367,Logs experimental data,no,mono,no,40,grey,768,no,legacy,pseudorec,xpyriment,OG,KUJANOG,127,0,3,space,3,637,197003,637,legacy,experiment,2,even,legacy,2187,332798,331795,332798,331291,PRIDEVI_B,no,127,no,1024
94.5454545455,94.5454545455,yes,671,671,black,xpyriment,0,relative,1,1,3,0,54,54,0,0,54,0,54,0,54,0,19,-446,367,Logs experimental data,no,mono,no,40,grey,768,no,legacy,pseudorec,xpyriment,OM,ČILKOM,155,0,3,space,3,667,197003,667,legacy,experiment,2,even,legacy,2187,335280,334277,335280,333773,PRIDEVI_B,no,155,no,1024
94.6428571429,94.6428571429,yes,670,670,black,xpyriment,0,relative,1,1,1,0,55,55,0,0,55,0,55,0,55,0,19,-447,476,Logs experimental data,no,mono,no,40,grey,768,no,legacy,rec,xpyriment,OJ,LJUDSKOJ,34,0,1,space,1,579,197003,579,legacy,experiment,2,even,legacy,2187,337720,336716,337720,336211,PRIDEVI_B,no,34,no,1024
94.7368421053,94.7368421053,yes,667,667,black,xpyriment,0,relative,1,1,3,0,56,56,0,0,56,0,56,0,56,0,19,-437,504,Logs experimental data,no,mono,no,40,grey,768,no,legacy,pseudorec,xpyriment,OG,TORNOG,141,0,3,space,3,498,197003,498,legacy,experiment,2,even,legacy,2187,340081,339077,340081,338573,PRIDEVI_B,no,141,no,1024
94.8275862069,94.8275862069,yes,664,664,black,xpyriment,0,relative,1,1,1,0,57,57,0,0,57,0,57,0,57,0,19,-442,548,Logs experimental data,no,mono,no,40,grey,768,no,legacy,rec,xpyriment,OG,KONAČNOG,26,0,1,space,1,532,197003,532,legacy,experiment,2,even,legacy,2187,342335,341331,342335,340827,PRIDEVI_B,no,26,no,1024
94.9152542373,94.9152542373,yes,661,661,black,xpyriment,0,relative,1,1,1,0,58,58,0,0,58,0,58,0,58,0,19,-442,557,Logs experimental data,no,mono,no,40,grey,768,no,legacy,rec,xpyriment,OJ,JUŽNOJ,25,0,1,space,1,500,197003,500,legacy,experiment,2,even,legacy,2187,344623,343619,344623,343115,PRIDEVI_B,no,25,no,1024
95,95,yes,663,663,black,xpyriment,0,relative,1,1,3,0,59,59,0,0,59,0,59,0,59,0,19,-442,557,Logs experimental data,no,mono,no,40,grey,768,no,legacy,pseudorec,xpyriment,OG,DUMAVOG,109,0,3,space,3,777,197003,777,legacy,experiment,2,even,legacy,2187,346882,345879,346882,345375,PRIDEVI_B,no,109,no,1024
95.0819672131,95.0819672131,yes,666,666,black,xpyriment,0,relative,1,1,3,0,60,60,0,0,60,0,60,0,60,0,19,-442,557,Logs experimental data,no,mono,no,40,grey,768,no,legacy,pseudorec,xpyriment,OG,PIKANOG,125,0,3,space,3,832,197003,832,legacy,experiment,2,even,legacy,2187,349443,348439,349443,347936,PRIDEVI_B,no,125,no,1024
95.1612903226,95.1612903226,yes,665,665,black,xpyriment,0,relative,1,1,3,0,61,61,0,0,61,0,61,0,61,0,19,-442,557,Logs experimental data,no,mono,no,40,grey,768,no,legacy,pseudorec,xpyriment,OM,HURNOM,175,0,3,space,3,594,197003,594,legacy,experiment,2,even,legacy,2187,352041,351038,352041,350535,PRIDEVI_B,no,175,no,1024
95.2380952381,95.2380952381,yes,663,663,black,xpyriment,0,relative,1,1,1,0,62,62,0,0,62,0,62,0,62,0,19,-442,557,Logs experimental data,no,mono,no,40,grey,768,no,legacy,rec,xpyriment,OJ,OBIČNOJ,55,0,1,space,1,570,197003,570,legacy,experiment,2,even,legacy,2187,354393,353390,354393,352886,PRIDEVI_B,no,55,no,1024
95.3125,95.3125,yes,662,662,black,xpyriment,0,relative,1,1,3,0,63,63,0,0,63,0,63,0,63,0,19,-442,557,Logs experimental data,no,mono,no,40,grey,768,no,legacy,pseudorec,xpyriment,OM,LJITKOM,173,0,3,space,3,594,197003,594,legacy,experiment,2,even,legacy,2187,356729,355726,356729,355223,PRIDEVI_B,no,173,no,1024
95.3846153846,95.3846153846,yes,660,660,black,xpyriment,0,relative,1,1,3,0,64,64,0,0,64,0,64,0,64,0,19,-442,557,Logs experimental data,no,mono,no,40,grey,768,no,legacy,pseudorec,xpyriment,OG,RELENOG,136,0,3,space,3,537,197003,537,legacy,experiment,2,even,legacy,2187,359114,358110,359113,357606,PRIDEVI_B,no,136,no,1024
95.4545454545,95.4545454545,yes,659,659,black,xpyriment,0,relative,1,1,3,0,65,65,0,0,65,0,65,0,65,0,19,-442,557,Logs experimental data,no,mono,no,40,grey,768,no,legacy,pseudorec,xpyriment,OM,PANANOM,146,0,3,space,3,593,197003,593,legacy,experiment,2,even,legacy,2187,361418,360415,361418,359911,PRIDEVI_B,no,146,no,1024
95.5223880597,95.5223880597,yes,656,656,black,xpyriment,0,relative,1,1,1,0,66,66,0,0,66,0,66,0,66,0,19,-442,557,Logs experimental data,no,mono,no,40,grey,768,no,legacy,rec,xpyriment,OM,LIČNOM,33,0,1,space,1,433,197003,433,legacy,experiment,2,even,legacy,2187,363770,362766,363770,362263,PRIDEVI_B,no,33,no,1024
95.5882352941,95.5882352941,yes,654,654,black,xpyriment,0,relative,1,1,3,0,67,67,0,0,67,0,67,0,67,0,19,-442,557,Logs experimental data,no,mono,no,40,grey,768,no,legacy,pseudorec,xpyriment,OG,LURIVOG,116,0,3,space,3,492,197003,492,legacy,experiment,2,even,legacy,2187,365975,364972,365975,364469,PRIDEVI_B,no,116,no,1024
95.652173913,95.652173913,yes,654,654,black,xpyriment,0,relative,1,1,3,0,68,68,0,0,68,0,68,0,68,0,19,-448,560,Logs experimental data,no,mono,no,40,grey,768,no,legacy,pseudorec,xpyriment,OM,GLOMNOM,154,0,3,space,3,663,197003,663,legacy,experiment,2,even,legacy,2187,368227,367223,368227,366718,PRIDEVI_B,no,154,no,1024
95.7142857143,95.7142857143,yes,653,653,black,xpyriment,0,relative,1,1,1,0,69,69,0,0,69,0,69,0,69,0,19,-448,561,Logs experimental data,no,mono,no,40,grey,768,no,legacy,rec,xpyriment,OJ,MUZIČKOJ,43,0,1,space,1,586,197003,586,legacy,experiment,2,even,legacy,2187,370665,369661,370665,369157,PRIDEVI_B,no,43,no,1024
94.3661971831,94.3661971831,yes,654,654,black,xpyriment,0,relative,0,0,1,0,70,70,0,0,70,0,70,0,70,0,19,-448,562,Logs experimental data,no,mono,no,40,grey,768,no,legacy,rec,xpyriment,OM,MASOVNOM,36,0,3,space,3,759,197003,759,legacy,experiment,2,even,legacy,2187,373012,372008,373012,371504,PRIDEVI_B,no,36,no,1024
94.4444444444,94.4444444444,yes,654,654,black,xpyriment,0,relative,1,1,1,0,71,71,0,0,71,0,71,0,71,0,19,-448,562,Logs experimental data,no,mono,no,40,grey,768,no,legacy,rec,xpyriment,OG,ŽALOSNOG,101,0,1,space,1,615,197003,615,legacy,experiment,2,even,legacy,2187,375532,374528,375532,374025,PRIDEVI_B,no,101,no,1024
94.5205479452,94.5205479452,yes,652,652,black,xpyriment,0,relative,1,1,3,0,72,72,0,0,72,0,72,0,72,0,19,-448,571,Logs experimental data,no,mono,no,40,grey,768,no,legacy,pseudorec,xpyriment,OG,ROTANOG,122,0,3,space,3,565,197003,565,legacy,experiment,2,even,legacy,2187,377901,376897,377901,376394,PRIDEVI_B,no,122,no,1024
94.5945945946,94.5945945946,yes,650,650,black,xpyriment,0,relative,1,1,1,0,73,73,0,0,73,0,73,0,73,0,19,-448,584,Logs experimental data,no,mono,no,40,grey,768,no,legacy,rec,xpyriment,OM,NEŽNOM,51,0,1,space,1,504,197003,504,legacy,experiment,2,even,legacy,2187,380235,379231,380235,378727,PRIDEVI_B,no,51,no,1024
94.6666666667,94.6666666667,yes,648,648,black,xpyriment,0,relative,1,1,1,0,74,74,0,0,74,0,74,0,74,0,19,-448,593,Logs experimental data,no,mono,no,40,grey,768,no,legacy,rec,xpyriment,OG,EKONOMSKOG,17,0,1,space,1,468,197003,468,legacy,experiment,2,even,legacy,2187,382495,381492,382495,380988,PRIDEVI_B,no,17,no,1024
94.7368421053,94.7368421053,yes,647,647,black,xpyriment,0,relative,1,1,3,0,75,75,0,0,75,0,75,0,75,0,19,-448,602,Logs experimental data,no,mono,no,40,grey,768,no,legacy,pseudorec,xpyriment,OJ,FLAKOJ,192,0,3,space,3,553,197003,553,legacy,experiment,2,even,legacy,2187,384722,383718,384722,383214,PRIDEVI_B,no,192,no,1024
94.8051948052,94.8051948052,yes,646,646,black,xpyriment,0,relative,1,1,3,0,76,76,0,0,76,0,76,0,76,0,19,-448,607,Logs experimental data,no,mono,no,40,grey,768,no,legacy,pseudorec,xpyriment,OJ,LANKOJ,200,0,3,space,3,570,197003,570,legacy,experiment,2,even,legacy,2187,387033,386030,387033,385527,PRIDEVI_B,no,200,no,1024
94.8717948718,94.8717948718,yes,645,645,black,xpyriment,0,relative,1,1,3,0,77,77,0,0,77,0,77,0,77,0,19,-448,691,Logs experimental data,no,mono,no,40,grey,768,no,legacy,pseudorec,xpyriment,OM,LOTIVOM,144,0,3,space,3,605,197003,605,legacy,experiment,2,even,legacy,2187,389366,388362,389366,387858,PRIDEVI_B,no,144,no,1024
94.9367088608,94.9367088608,yes,645,645,black,xpyriment,0,relative,1,1,1,0,78,78,0,0,78,0,78,0,78,0,19,-437,703,Logs experimental data,no,mono,no,40,grey,768,no,legacy,rec,xpyriment,OJ,ČELIČNOJ,7,0,1,space,1,620,197003,620,legacy,experiment,2,even,legacy,2187,391791,390787,391791,390283,PRIDEVI_B,no,7,no,1024
95,95,yes,645,645,black,xpyriment,0,relative,1,1,1,0,79,79,0,0,79,0,79,0,79,0,19,-448,733,Logs experimental data,no,mono,no,40,grey,768,no,legacy,rec,xpyriment,OJ,VRELOJ,100,0,1,space,1,634,197003,634,legacy,experiment,2,even,legacy,2187,394169,393165,394169,392661,PRIDEVI_B,no,100,no,1024
95.0617283951,95.0617283951,yes,645,645,black,xpyriment,0,relative,1,1,3,0,80,80,0,0,80,0,80,0,80,0,19,-448,733,Logs experimental data,no,mono,no,40,grey,768,no,legacy,pseudorec,xpyriment,OG,MILATOG,131,0,3,space,3,668,197003,668,legacy,experiment,2,even,legacy,2187,396583,395580,396583,395076,PRIDEVI_B,no,131,no,1024
95.1219512195,95.1219512195,yes,643,643,black,xpyriment,0,relative,1,1,1,0,81,81,0,0,81,0,81,0,81,0,19,-448,736,Logs experimental data,no,mono,no,40,grey,768,no,legacy,rec,xpyriment,OM,STRUČNOM,87,0,1,space,1,499,197003,499,legacy,experiment,2,even,legacy,2187,399024,398020,399024,397517,PRIDEVI_B,no,87,no,1024
95.1807228916,95.1807228916,yes,642,642,black,xpyriment,0,relative,1,1,3,0,82,82,0,0,82,0,82,0,82,0,19,-448,736,Logs experimental data,no,mono,no,40,grey,768,no,legacy,pseudorec,xpyriment,OM,MRGAVOM,163,0,3,space,3,538,197003,538,legacy,experiment,2,even,legacy,2187,401281,400278,401281,399775,PRIDEVI_B,no,163,no,1024
95.2380952381,95.2380952381,yes,642,642,black,xpyriment,0,relative,1,1,3,0,83,83,0,0,83,0,83,0,83,0,19,-448,736,Logs experimental data,no,mono,no,40,grey,768,no,legacy,pseudorec,xpyriment,OJ,VEDNOJ,185,0,3,space,3,671,197003,671,legacy,experiment,2,even,legacy,2187,403596,402592,403595,402088,PRIDEVI_B,no,185,no,1024
95.2941176471,95.2941176471,yes,642,642,black,xpyriment,0,relative,1,1,3,0,84,84,0,0,84,0,84,0,84,0,19,-448,737,Logs experimental data,no,mono,no,40,grey,768,no,legacy,pseudorec,xpyriment,OJ,BLETANOJ,212,0,3,space,3,643,197003,643,legacy,experiment,2,even,legacy,2187,406056,405052,406056,404549,PRIDEVI_B,no,212,no,1024
95.3488372093,95.3488372093,yes,643,643,black,xpyriment,0,relative,1,1,1,0,85,85,0,0,85,0,85,0,85,0,19,-448,737,Logs experimental data,no,mono,no,40,grey,768,no,legacy,rec,xpyriment,OG,NISKOG,53,0,1,space,1,734,197003,734,legacy,experiment,2,even,legacy,2187,408517,407513,408517,407010,PRIDEVI_B,no,53,no,1024
95.4022988506,95.4022988506,yes,643,643,black,xpyriment,0,relative,1,1,3,0,86,86,0,0,86,0,86,0,86,0,19,-448,737,Logs experimental data,no,mono,no,40,grey,768,no,legacy,pseudorec,xpyriment,OJ,HAČNOJ,182,0,3,space,3,626,197003,626,legacy,experiment,2,even,legacy,2187,411048,410045,411048,409541,PRIDEVI_B,no,182,no,1024
95.4545454545,95.4545454545,yes,643,643,black,xpyriment,0,relative,1,1,3,0,87,87,0,0,87,0,87,0,87,0,19,-448,741,Logs experimental data,no,mono,no,40,grey,768,no,legacy,pseudorec,xpyriment,OG,SILKIMOG,133,0,3,space,3,615,197003,615,legacy,experiment,2,even,legacy,2187,413460,412456,413460,411951,PRIDEVI_B,no,133,no,1024
95.5056179775,95.5056179775,yes,647,647,black,xpyriment,0,relative,1,1,1,0,88,88,0,0,88,0,88,0,88,0,19,-448,741,Logs experimental data,no,mono,no,40,grey,768,no,legacy,rec,xpyriment,OG,KUĆNOG,29,0,1,space,1,1036,197003,1036,legacy,experiment,2,even,legacy,2187,415967,414964,415967,414460,PRIDEVI_B,no,29,no,1024
95.5555555556,95.5555555556,yes,646,646,black,xpyriment,0,relative,1,1,1,0,89,89,0,0,89,0,89,0,89,0,19,-448,741,Logs experimental data,no,mono,no,40,grey,768,no,legacy,rec,xpyriment,OJ,SEVERNOJ,76,0,1,space,1,530,197003,530,legacy,experiment,2,even,legacy,2187,418761,417758,418761,417255,PRIDEVI_B,no,76,no,1024
95.6043956044,95.6043956044,yes,645,645,black,xpyriment,0,relative,1,1,1,0,90,90,0,0,90,0,90,0,90,0,19,-448,745,Logs experimental data,no,mono,no,40,grey,768,no,legacy,rec,xpyriment,OJ,ZIMSKOJ,103,0,1,space,1,561,197003,561,legacy,experiment,2,even,legacy,2187,421106,420101,421106,419598,PRIDEVI_B,no,103,no,1024
95.652173913,95.652173913,yes,645,645,black,xpyriment,0,relative,1,1,1,0,91,91,0,0,91,0,91,0,91,0,19,-448,745,Logs experimental data,no,mono,no,40,grey,768,no,legacy,rec,xpyriment,OM,NEPOZNATOM,48,0,1,space,1,627,197003,627,legacy,experiment,2,even,legacy,2187,423464,422460,423464,421955,PRIDEVI_B,no,48,no,1024
95.6989247312,95.6989247312,yes,643,643,black,xpyriment,0,relative,1,1,1,0,92,92,0,0,92,0,92,0,92,0,19,-448,745,Logs experimental data,no,mono,no,40,grey,768,no,legacy,rec,xpyriment,OM,KONKRETNOM,27,0,1,space,1,500,197003,500,legacy,experiment,2,even,legacy,2187,425871,424868,425871,424364,PRIDEVI_B,no,27,no,1024
95.7446808511,95.7446808511,yes,641,641,black,xpyriment,0,relative,1,1,1,0,93,93,0,0,93,0,93,0,93,0,19,-448,750,Logs experimental data,no,mono,no,40,grey,768,no,legacy,rec,xpyriment,OJ,DESNOJ,13,0,1,space,1,459,197003,459,legacy,experiment,2,even,legacy,2187,428152,427148,428152,426644,PRIDEVI_B,no,13,no,1024
95.7894736842,95.7894736842,yes,643,643,black,xpyriment,0,relative,1,1,3,0,94,94,0,0,94,0,94,0,94,0,19,-448,756,Logs experimental data,no,mono,no,40,grey,768,no,legacy,pseudorec,xpyriment,OG,MUŽIVOG,118,0,3,space,3,820,197003,820,legacy,experiment,2,even,legacy,2187,430375,429370,430375,428867,PRIDEVI_B,no,118,no,1024
95.8333333333,95.8333333333,yes,643,643,black,xpyriment,0,relative,1,1,1,0,95,95,0,0,95,0,95,0,95,0,19,-448,756,Logs experimental data,no,mono,no,40,grey,768,no,legacy,rec,xpyriment,OJ,NEVIDLJIVOJ,49,0,1,space,1,623,197003,623,legacy,experiment,2,even,legacy,2187,432956,431952,432956,431449,PRIDEVI_B,no,49,no,1024
95.8762886598,95.8762886598,yes,642,642,black,xpyriment,0,relative,1,1,1,0,96,96,0,0,96,0,96,0,96,0,19,-448,764,Logs experimental data,no,mono,no,40,grey,768,no,legacy,rec,xpyriment,OM,POVOLJNOM,63,0,1,space,1,591,197003,591,legacy,experiment,2,even,legacy,2187,435404,434401,435404,433897,PRIDEVI_B,no,63,no,1024
95.9183673469,95.9183673469,yes,643,643,black,xpyriment,0,relative,1,1,1,0,97,97,0,0,97,0,97,0,97,0,19,-448,768,Logs experimental data,no,mono,no,40,grey,768,no,legacy,rec,xpyriment,OG,ČVRSTOG,11,0,1,space,1,675,197003,675,legacy,experiment,2,even,legacy,2187,437751,436748,437751,436245,PRIDEVI_B,no,11,no,1024
95.9595959596,95.9595959596,yes,642,642,black,xpyriment,0,relative,1,1,3,0,98,98,0,0,98,0,98,0,98,0,19,-433,768,Logs experimental data,no,mono,no,40,grey,768,no,legacy,pseudorec,xpyriment,OJ,FLABOJ,208,0,3,space,3,599,197003,599,legacy,experiment,2,even,legacy,2187,440348,439344,440348,438840,PRIDEVI_B,no,208,no,1024
96,96,yes,642,642,black,xpyriment,0,relative,1,1,3,0,99,99,0,0,99,0,99,0,99,0,19,-427,796,Logs experimental data,no,mono,no,40,grey,768,no,legacy,pseudorec,xpyriment,OM,KISAVOM,153,0,3,space,3,647,197003,647,legacy,experiment,2,even,legacy,2187,442748,441744,442748,441241,PRIDEVI_B,no,153,no,1024
96.0396039604,96.0396039604,yes,643,643,black,xpyriment,0,relative,1,1,3,0,100,100,0,0,100,0,100,0,100,0,19,-424,821,Logs experimental data,no,mono,no,40,grey,768,no,legacy,pseudorec,xpyriment,OJ,SAŽNOJ,180,0,3,space,3,699,197003,699,legacy,experiment,2,even,legacy,2187,445192,444188,445192,443684,PRIDEVI_B,no,180,no,1024
96.0784313725,96.0784313725,yes,642,642,black,xpyriment,0,relative,1,1,3,0,101,101,0,0,101,0,101,0,101,0,19,-424,825,Logs experimental data,no,mono,no,40,grey,768,no,legacy,pseudorec,xpyriment,OM,FELENOM,172,0,3,space,3,549,197003,549,legacy,experiment,2,even,legacy,2187,447654,446650,447654,446146,PRIDEVI_B,no,172,no,1024
96.1165048544,96.1165048544,yes,642,642,black,xpyriment,0,relative,1,1,1,0,102,102,0,0,102,0,102,0,102,0,19,-426,833,Logs experimental data,no,mono,no,40,grey,768,no,legacy,rec,xpyriment,OJ,OTVORENOJ,58,0,1,space,1,604,197003,604,legacy,experiment,2,even,legacy,2187,449967,448963,449967,448459,PRIDEVI_B,no,58,no,1024
96.1538461538,96.1538461538,yes,648,648,black,xpyriment,0,relative,1,1,3,0,103,103,0,0,103,0,103,0,103,0,19,-426,836,Logs experimental data,no,mono,no,40,grey,768,no,legacy,pseudorec,xpyriment,OJ,TIROKOJ,201,0,3,space,3,1302,197003,1302,legacy,experiment,2,even,legacy,2187,452333,451329,452333,450825,PRIDEVI_B,no,201,no,1024
96.1904761905,96.1904761905,yes,647,647,black,xpyriment,0,relative,1,1,3,0,104,104,0,0,104,0,104,0,104,0,19,-426,836,Logs experimental data,no,mono,no,40,grey,768,no,legacy,pseudorec,xpyriment,OJ,UHTIVOJ,190,0,3,space,3,557,197003,557,legacy,experiment,2,even,legacy,2187,455445,454442,455445,453939,PRIDEVI_B,no,190,no,1024
96.2264150943,96.2264150943,yes,646,646,black,xpyriment,0,relative,1,1,3,0,105,105,0,0,105,0,105,0,105,0,19,-428,841,Logs experimental data,no,mono,no,40,grey,768,no,legacy,pseudorec,xpyriment,OJ,NIROVOJ,195,0,3,space,3,514,197003,514,legacy,experiment,2,even,legacy,2187,457761,456757,457761,456253,PRIDEVI_B,no,195,no,1024
96.261682243,96.261682243,yes,645,645,black,xpyriment,0,relative,1,1,3,0,106,106,0,0,106,0,106,0,106,0,19,-428,842,Logs experimental data,no,mono,no,40,grey,768,no,legacy,pseudorec,xpyriment,OJ,HUPENOJ,179,0,3,space,3,589,197003,589,legacy,experiment,2,even,legacy,2187,460046,459043,460046,458539,PRIDEVI_B,no,179,no,1024
96.2962962963,96.2962962963,yes,645,645,black,xpyriment,0,relative,1,1,1,0,107,107,0,0,107,0,107,0,107,0,19,-429,848,Logs experimental data,no,mono,no,40,grey,768,no,legacy,rec,xpyriment,OM,RATNOM,72,0,1,space,1,567,197003,567,legacy,experiment,2,even,legacy,2187,462396,461392,462396,460888,PRIDEVI_B,no,72,no,1024
96.3302752294,96.3302752294,yes,643,643,black,xpyriment,0,relative,1,1,1,0,108,108,0,0,108,0,108,0,108,0,19,-431,855,Logs experimental data,no,mono,no,40,grey,768,no,legacy,rec,xpyriment,OM,ZLOM,102,0,1,space,1,502,197003,502,legacy,experiment,2,even,legacy,2187,464724,463720,464724,463215,PRIDEVI_B,no,102,no,1024
96.3636363636,96.3636363636,yes,643,643,black,xpyriment,0,relative,1,1,1,0,109,109,0,0,109,0,109,0,109,0,19,-431,869,Logs experimental data,no,mono,no,40,grey,768,no,legacy,rec,xpyriment,OG,PRLJAVOG,68,0,1,space,1,594,197003,594,legacy,experiment,2,even,legacy,2187,467056,466051,467056,465548,PRIDEVI_B,no,68,no,1024
96.3963963964,96.3963963964,yes,641,641,black,xpyriment,0,relative,1,1,1,0,110,110,0,0,110,0,110,0,110,0,19,-431,870,Logs experimental data,no,mono,no,40,grey,768,no,legacy,rec,xpyriment,OM,ČUDNOM,9,0,1,space,1,450,197003,450,legacy,experiment,2,even,legacy,2187,469424,468421,469424,467917,PRIDEVI_B,no,9,no,1024
96.4285714286,96.4285714286,yes,641,641,black,xpyriment,0,relative,1,1,3,0,111,111,0,0,111,0,111,0,111,0,19,-434,879,Logs experimental data,no,mono,no,40,grey,768,no,legacy,pseudorec,xpyriment,OM,RIZANOM,143,0,3,space,3,659,197003,659,legacy,experiment,2,even,legacy,2187,471632,470628,471632,470124,PRIDEVI_B,no,143,no,1024
96.4601769912,96.4601769912,yes,640,640,black,xpyriment,0,relative,1,1,1,0,112,112,0,0,112,0,112,0,112,0,19,-434,889,Logs experimental data,no,mono,no,40,grey,768,no,legacy,rec,xpyriment,OJ,MORSKOJ,40,0,1,space,1,558,197003,558,legacy,experiment,2,even,legacy,2187,474053,473049,474053,472545,PRIDEVI_B,no,40,no,1024
96.4912280702,96.4912280702,yes,639,639,black,xpyriment,0,relative,1,1,1,0,113,113,0,0,113,0,113,0,113,0,19,-434,893,Logs experimental data,no,mono,no,40,grey,768,no,legacy,rec,xpyriment,OM,SJAJNOM,78,0,1,space,1,526,197003,526,legacy,experiment,2,even,legacy,2187,476372,475368,476372,474864,PRIDEVI_B,no,78,no,1024
96.5217391304,96.5217391304,yes,639,639,black,xpyriment,0,relative,1,1,1,0,114,114,0,0,114,0,114,0,114,0,19,-434,903,Logs experimental data,no,mono,no,40,grey,768,no,legacy,rec,xpyriment,OJ,ZNAČAJNOJ,106,0,1,space,1,603,197003,603,legacy,experiment,2,even,legacy,2187,478655,477651,478655,477147,PRIDEVI_B,no,106,no,1024
96.5517241379,96.5517241379,yes,638,638,black,xpyriment,0,relative,1,1,1,0,115,115,0,0,115,0,115,0,115,0,19,-434,914,Logs experimental data,no,mono,no,40,grey,768,no,legacy,rec,xpyriment,OJ,SMRTNOJ,82,0,1,space,1,457,197003,457,legacy,experiment,2,even,legacy,2187,481017,480013,481017,479510,PRIDEVI_B,no,82,no,1024
96.5811965812,96.5811965812,yes,636,636,black,xpyriment,0,relative,1,1,1,0,116,116,0,0,116,0,116,0,116,0,19,-434,918,Logs experimental data,no,mono,no,40,grey,768,no,legacy,rec,xpyriment,OG,ČITAVOG,8,0,1,space,1,467,197003,467,legacy,experiment,2,even,legacy,2187,483232,482229,483232,481725,PRIDEVI_B,no,8,no,1024
96.6101694915,96.6101694915,yes,636,636,black,xpyriment,0,relative,1,1,3,0,117,117,0,0,117,0,117,0,117,0,19,-440,923,Logs experimental data,no,mono,no,40,grey,768,no,legacy,pseudorec,xpyriment,OM,STROSOM,176,0,3,space,3,670,197003,670,legacy,experiment,2,even,legacy,2187,485461,484456,485461,483953,PRIDEVI_B,no,176,no,1024
96.6386554622,96.6386554622,yes,635,635,black,xpyriment,0,relative,1,1,1,0,118,118,0,0,118,0,118,0,118,0,19,-440,923,Logs experimental data,no,mono,no,40,grey,768,no,legacy,rec,xpyriment,OM,NOĆNOM,54,0,1,space,1,494,197003,494,legacy,experiment,2,even,legacy,2187,487924,486921,487924,486417,PRIDEVI_B,no,54,no,1024
96.6666666667,96.6666666667,yes,635,635,black,xpyriment,0,relative,1,1,1,0,119,119,0,0,119,0,119,0,119,0,19,-440,923,Logs experimental data,no,mono,no,40,grey,768,no,legacy,rec,xpyriment,OJ,LAKOJ,31,0,1,space,1,628,197003,628,legacy,experiment,2,even,legacy,2187,490190,489186,490190,488682,PRIDEVI_B,no,31,no,1024
96.694214876,96.694214876,yes,634,634,black,xpyriment,0,relative,1,1,1,0,120,120,0,0,120,0,120,0,120,0,19,-443,923,Logs experimental data,no,mono,no,40,grey,768,no,legacy,rec,xpyriment,OJ,VAŽNOJ,97,0,1,space,1,447,197003,447,legacy,experiment,2,even,legacy,2187,492580,491575,492580,491072,PRIDEVI_B,no,97,no,1024
96.7213114754,96.7213114754,yes,632,632,black,xpyriment,0,relative,1,1,1,0,121,121,0,0,121,0,121,0,121,0,19,-444,923,Logs experimental data,no,mono,no,40,grey,768,no,legacy,rec,xpyriment,OJ,STALNOJ,85,0,1,space,1,399,197003,399,legacy,experiment,2,even,legacy,2187,494787,493784,494787,493280,PRIDEVI_B,no,85,no,1024
96.7479674797,96.7479674797,yes,631,631,black,xpyriment,0,relative,1,1,1,0,122,122,0,0,122,0,122,0,122,0,19,-444,923,Logs experimental data,no,mono,no,40,grey,768,no,legacy,rec,xpyriment,OG,VISOKOG,98,0,1,space,1,546,197003,546,legacy,experiment,2,even,legacy,2187,496961,495958,496961,495454,PRIDEVI_B,no,98,no,1024
96.7741935484,96.7741935484,yes,630,630,black,xpyriment,0,relative,1,1,1,0,123,123,0,0,123,0,123,0,123,0,19,-447,923,Logs experimental data,no,mono,no,40,grey,768,no,legacy,rec,xpyriment,OG,BUDNOG,5,0,1,space,1,521,197003,521,legacy,experiment,2,even,legacy,2187,499265,498261,499265,497758,PRIDEVI_B,no,5,no,1024
96.8,96.8,yes,631,631,black,xpyriment,0,relative,1,1,3,0,124,124,0,0,124,0,124,0,124,0,19,-447,923,Logs experimental data,no,mono,no,40,grey,768,no,legacy,pseudorec,xpyriment,OG,KLUSTOG,139,0,3,space,3,691,197003,691,legacy,experiment,2,even,legacy,2187,501568,500563,501568,500059,PRIDEVI_B,no,139,no,1024
96.0317460317,96.0317460317,yes,629,629,black,xpyriment,0,relative,0,0,3,0,125,125,0,0,125,0,125,0,125,0,19,-448,923,Logs experimental data,no,mono,no,40,grey,768,no,legacy,pseudorec,xpyriment,OJ,CUSNOJ,178,0,1,space,1,408,197003,408,legacy,experiment,2,even,legacy,2187,504067,503062,504067,502559,PRIDEVI_B,no,178,no,1024
95.2755905512,95.2755905512,yes,633,633,black,xpyriment,0,relative,0,0,1,0,126,126,0,0,126,0,126,0,126,0,19,-448,923,Logs experimental data,no,mono,no,40,grey,768,no,legacy,rec,xpyriment,OJ,POLITIČKOJ,61,0,3,space,3,1116,197003,1116,legacy,experiment,2,even,legacy,2187,506278,505274,506278,504771,PRIDEVI_B,no,61,no,1024
95.3125,95.3125,yes,632,632,black,xpyriment,0,relative,1,1,1,0,127,127,0,0,127,0,127,0,127,0,19,-448,923,Logs experimental data,no,mono,no,40,grey,768,no,legacy,rec,xpyriment,OM,PRIRODNOM,66,0,1,space,1,620,197003,620,legacy,experiment,2,even,legacy,2187,509215,508212,509215,507708,PRIDEVI_B,no,66,no,1024
95.3488372093,95.3488372093,yes,631,631,black,xpyriment,0,relative,1,1,1,0,128,128,0,0,128,0,128,0,128,0,19,-448,923,Logs experimental data,no,mono,no,40,grey,768,no,legacy,rec,xpyriment,OJ,ČUDESNOJ,10,0,1,space,1,462,197003,462,legacy,experiment,2,even,legacy,2187,511621,510618,511621,510114,PRIDEVI_B,no,10,no,1024
95.3846153846,95.3846153846,yes,631,631,black,xpyriment,0,relative,1,1,3,0,129,129,0,0,129,0,129,0,129,0,19,-448,923,Logs experimental data,no,mono,no,40,grey,768,no,legacy,pseudorec,xpyriment,OJ,FUKAVOJ,187,0,3,space,3,635,197003,635,legacy,experiment,2,even,legacy,2187,513848,512844,513848,512340,PRIDEVI_B,no,187,no,1024
95.4198473282,95.4198473282,yes,630,630,black,xpyriment,0,relative,1,1,3,0,130,130,0,0,130,0,130,0,130,0,19,-448,923,Logs experimental data,no,mono,no,40,grey,768,no,legacy,pseudorec,xpyriment,OG,NOLENOG,112,0,3,space,3,456,197003,456,legacy,experiment,2,even,legacy,2187,516242,515239,516242,514735,PRIDEVI_B,no,112,no,1024
95.4545454545,95.4545454545,yes,629,629,black,xpyriment,0,relative,1,1,1,0,131,131,0,0,131,0,131,0,131,0,19,-448,923,Logs experimental data,no,mono,no,40,grey,768,no,legacy,rec,xpyriment,OJ,GLAVNOJ,19,0,1,space,1,485,197003,485,legacy,experiment,2,even,legacy,2187,518462,517458,518462,516954,PRIDEVI_B,no,19,no,1024
95.4887218045,95.4887218045,yes,629,629,black,xpyriment,0,relative,1,1,3,0,132,132,0,0,132,0,132,0,132,0,19,-448,923,Logs experimental data,no,mono,no,40,grey,768,no,legacy,pseudorec,xpyriment,OM,SUDAVOM,161,0,3,space,3,617,197003,617,legacy,experiment,2,even,legacy,2187,520705,519702,520705,519198,PRIDEVI_B,no,161,no,1024
95.5223880597,95.5223880597,yes,628,628,black,xpyriment,0,relative,1,1,3,0,133,133,0,0,133,0,133,0,133,0,19,-448,923,Logs experimental data,no,mono,no,40,grey,768,no,legacy,pseudorec,xpyriment,OM,NORAVOM,158,0,3,space,3,484,197003,484,legacy,experiment,2,even,legacy,2187,523079,522075,523079,521571,PRIDEVI_B,no,158,no,1024
95.5555555556,95.5555555556,yes,627,627,black,xpyriment,0,relative,1,1,1,0,134,134,0,0,134,0,134,0,134,0,19,-446,923,Logs experimental data,no,mono,no,40,grey,768,no,legacy,rec,xpyriment,OJ,REDOVNOJ,73,0,1,space,1,605,197003,605,legacy,experiment,2,even,legacy,2187,525317,524314,525317,523810,PRIDEVI_B,no,73,no,1024
95.5882352941,95.5882352941,yes,627,627,black,xpyriment,0,relative,1,1,3,0,135,135,0,0,135,0,135,0,135,0,19,-445,923,Logs experimental data,no,mono,no,40,grey,768,no,legacy,pseudorec,xpyriment,OG,SOROKOG,107,0,3,space,3,589,197003,589,legacy,experiment,2,even,legacy,2187,527677,526674,527677,526170,PRIDEVI_B,no,107,no,1024
95.6204379562,95.6204379562,yes,628,628,black,xpyriment,0,relative,1,1,1,0,136,136,0,0,136,0,136,0,136,0,19,-447,923,Logs experimental data,no,mono,no,40,grey,768,no,legacy,rec,xpyriment,OG,PRAVILNOG,65,0,1,space,1,768,197003,768,legacy,experiment,2,even,legacy,2187,530035,529030,530034,528527,PRIDEVI_B,no,65,no,1024
95.652173913,95.652173913,yes,628,628,black,xpyriment,0,relative,1,1,1,0,137,137,0,0,137,0,137,0,137,0,19,-447,923,Logs experimental data,no,mono,no,40,grey,768,no,legacy,rec,xpyriment,OM,VLAŽNOM,99,0,1,space,1,594,197003,594,legacy,experiment,2,even,legacy,2187,532560,531556,532560,531052,PRIDEVI_B,no,99,no,1024
95.6834532374,95.6834532374,yes,627,627,black,xpyriment,0,relative,1,1,3,0,138,138,0,0,138,0,138,0,138,0,19,-448,923,Logs experimental data,no,mono,no,40,grey,768,no,legacy,pseudorec,xpyriment,OJ,VELITOJ,189,0,3,space,3,575,197003,575,legacy,experiment,2,even,legacy,2187,534915,533911,534915,533406,PRIDEVI_B,no,189,no,1024
95.7142857143,95.7142857143,yes,627,627,black,xpyriment,0,relative,1,1,3,0,139,139,0,0,139,0,139,0,139,0,19,-448,923,Logs experimental data,no,mono,no,40,grey,768,no,legacy,pseudorec,xpyriment,OJ,BLANOJ,202,0,3,space,3,606,197003,606,legacy,experiment,2,even,legacy,2187,537245,536241,537245,535738,PRIDEVI_B,no,202,no,1024
95.7446808511,95.7446808511,yes,628,628,black,xpyriment,0,relative,1,1,3,0,140,140,0,0,140,0,140,0,140,0,19,-448,923,Logs experimental data,no,mono,no,40,grey,768,no,legacy,pseudorec,xpyriment,OM,MORIVOM,148,0,3,space,3,676,197003,676,legacy,experiment,2,even,legacy,2187,539606,538602,539606,538097,PRIDEVI_B,no,148,no,1024
95.7746478873,95.7746478873,yes,627,627,black,xpyriment,0,relative,1,1,1,0,141,141,0,0,141,0,141,0,141,0,19,-447,923,Logs experimental data,no,mono,no,40,grey,768,no,legacy,rec,xpyriment,OJ,ATOMSKOJ,1,0,1,space,1,560,197003,560,legacy,experiment,2,even,legacy,2187,542042,541038,542042,540534,PRIDEVI_B,no,1,no,1024
95.8041958042,95.8041958042,yes,626,626,black,xpyriment,0,relative,1,1,3,0,142,142,0,0,142,0,142,0,142,0,19,-447,923,Logs experimental data,no,mono,no,40,grey,768,no,legacy,pseudorec,xpyriment,OG,GILANOG,121,0,3,space,3,440,197003,440,legacy,experiment,2,even,legacy,2187,544378,543375,544378,542872,PRIDEVI_B,no,121,no,1024
95.8333333333,95.8333333333,yes,627,627,black,xpyriment,0,relative,1,1,1,0,143,143,0,0,143,0,143,0,143,0,19,-447,923,Logs experimental data,no,mono,no,40,grey,768,no,legacy,rec,xpyriment,OG,ŽIVOTNOG,104,0,1,space,1,748,197003,748,legacy,experiment,2,even,legacy,2187,546574,545570,546574,545066,PRIDEVI_B,no,104,no,1024
95.8620689655,95.8620689655,yes,627,627,black,xpyriment,0,relative,1,1,1,0,144,144,0,0,144,0,144,0,144,0,19,-447,923,Logs experimental data,no,mono,no,40,grey,768,no,legacy,rec,xpyriment,OM,MOĆNOM,39,0,1,space,1,660,197003,660,legacy,experiment,2,even,legacy,2187,549079,548075,549079,547572,PRIDEVI_B,no,39,no,1024
95.8904109589,95.8904109589,yes,630,630,black,xpyriment,0,relative,1,1,1,0,145,145,0,0,145,0,145,0,145,0,19,-448,923,Logs experimental data,no,mono,no,40,grey,768,no,legacy,rec,xpyriment,OG,SPORTSKOG,83,0,1,space,1,1119,197003,1119,legacy,experiment,2,even,legacy,2187,551515,550511,551515,550007,PRIDEVI_B,no,83,no,1024
95.9183673469,95.9183673469,yes,632,632,black,xpyriment,0,relative,1,1,1,0,146,146,0,0,146,0,146,0,146,0,19,-448,923,Logs experimental data,no,mono,no,40,grey,768,no,legacy,rec,xpyriment,OM,MUTNOM,42,0,1,space,1,842,197003,842,legacy,experiment,2,even,legacy,2187,554392,553388,554392,552885,PRIDEVI_B,no,42,no,1024
95.9459459459,95.9459459459,yes,631,631,black,xpyriment,0,relative,1,1,3,0,147,147,0,0,147,0,147,0,147,0,19,-448,923,Logs experimental data,no,mono,no,40,grey,768,no,legacy,pseudorec,xpyriment,OG,LOZANOG,137,0,3,space,3,559,197003,559,legacy,experiment,2,even,legacy,2187,557020,556017,557020,555513,PRIDEVI_B,no,137,no,1024
95.9731543624,95.9731543624,yes,631,631,black,xpyriment,0,relative,1,1,1,0,148,148,0,0,148,0,148,0,148,0,19,-448,923,Logs experimental data,no,mono,no,40,grey,768,no,legacy,rec,xpyriment,OM,DRUŠTVENOM,15,0,1,space,1,576,197003,576,legacy,experiment,2,even,legacy,2187,559339,558335,559338,557832,PRIDEVI_B,no,15,no,1024
96,96,yes,631,631,black,xpyriment,0,relative,1,1,3,0,149,149,0,0,149,0,149,0,149,0,19,-448,923,Logs experimental data,no,mono,no,40,grey,768,no,legacy,pseudorec,xpyriment,OJ,GANKOJ,204,0,3,space,3,584,197003,584,legacy,experiment,2,even,legacy,2187,561674,560670,561674,560166,PRIDEVI_B,no,204,no,1024
96.0264900662,96.0264900662,yes,630,630,black,xpyriment,0,relative,1,1,3,0,150,150,0,0,150,0,150,0,150,0,19,-448,921,Logs experimental data,no,mono,no,40,grey,768,no,legacy,pseudorec,xpyriment,OJ,NECNOJ,177,0,3,space,3,506,197003,506,legacy,experiment,2,even,legacy,2187,564024,563020,564024,562516,PRIDEVI_B,no,177,no,1024
96.0526315789,96.0526315789,yes,631,631,black,xpyriment,0,relative,1,1,3,0,151,151,0,0,151,0,151,0,151,0,19,-448,921,Logs experimental data,no,mono,no,40,grey,768,no,legacy,pseudorec,xpyriment,OM,MORNOM,151,0,3,space,3,774,197003,774,legacy,experiment,2,even,legacy,2187,566300,565297,566300,564794,PRIDEVI_B,no,151,no,1024
96.0784313725,96.0784313725,yes,630,630,black,xpyriment,0,relative,1,1,1,0,152,152,0,0,152,0,152,0,152,0,19,-448,921,Logs experimental data,no,mono,no,40,grey,768,no,legacy,rec,xpyriment,OM,BLISKOM,3,0,1,space,1,590,197003,590,legacy,experiment,2,even,legacy,2187,568900,567896,568900,567392,PRIDEVI_B,no,3,no,1024
96.1038961039,96.1038961039,yes,630,630,black,xpyriment,0,relative,1,1,3,0,153,153,0,0,153,0,153,0,153,0,19,-448,923,Logs experimental data,no,mono,no,40,grey,768,no,legacy,pseudorec,xpyriment,OM,PLOSTOM,164,0,3,space,3,573,197003,573,legacy,experiment,2,even,legacy,2187,571253,570249,571252,569746,PRIDEVI_B,no,164,no,1024
96.1290322581,96.1290322581,yes,631,631,black,xpyriment,0,relative,1,1,1,0,154,154,0,0,154,0,154,0,154,0,19,-446,923,Logs experimental data,no,mono,no,40,grey,768,no,legacy,rec,xpyriment,OG,RODNOG,74,0,1,space,1,738,197003,738,legacy,experiment,2,even,legacy,2187,573584,572581,573584,572077,PRIDEVI_B,no,74,no,1024
96.1538461538,96.1538461538,yes,631,631,black,xpyriment,0,relative,1,1,3,0,155,155,0,0,155,0,155,0,155,0,19,-448,595,Logs experimental data,no,mono,no,40,grey,768,no,legacy,pseudorec,xpyriment,OM,SUČENOM,169,0,3,space,3,600,197003,600,legacy,experiment,2,even,legacy,2187,576098,575094,576098,574590,PRIDEVI_B,no,169,no,1024
96.178343949,96.178343949,yes,631,631,black,xpyriment,0,relative,1,1,3,0,156,156,0,0,156,0,156,0,156,0,19,-448,614,Logs experimental data,no,mono,no,40,grey,768,no,legacy,pseudorec,xpyriment,OJ,CUKAVOJ,181,0,3,space,3,640,197003,640,legacy,experiment,2,even,legacy,2187,578458,577455,578458,576951,PRIDEVI_B,no,181,no,1024
96.2025316456,96.2025316456,yes,630,630,black,xpyriment,0,relative,1,1,3,0,157,157,0,0,157,0,157,0,157,0,19,-448,631,Logs experimental data,no,mono,no,40,grey,768,no,legacy,pseudorec,xpyriment,OM,ŠODNOM,160,0,3,space,3,586,197003,586,legacy,experiment,2,even,legacy,2187,580864,579860,580864,579356,PRIDEVI_B,no,160,no,1024
96.2264150943,96.2264150943,yes,630,630,black,xpyriment,0,relative,1,1,3,0,158,158,0,0,158,0,158,0,158,0,19,-448,634,Logs experimental data,no,mono,no,40,grey,768,no,legacy,pseudorec,xpyriment,OG,RIROKOG,126,0,3,space,3,578,197003,578,legacy,experiment,2,even,legacy,2187,583209,582206,583209,581702,PRIDEVI_B,no,126,no,1024
96.25,96.25,yes,629,629,black,xpyriment,0,relative,1,1,1,0,159,159,0,0,159,0,159,0,159,0,19,-448,634,Logs experimental data,no,mono,no,40,grey,768,no,legacy,rec,xpyriment,OM,GORSKOM,21,0,1,space,1,548,197003,548,legacy,experiment,2,even,legacy,2187,585551,584547,585550,584044,PRIDEVI_B,no,21,no,1024
96.2732919255,96.2732919255,yes,630,630,black,xpyriment,0,relative,1,1,3,0,160,160,0,0,160,0,160,0,160,0,19,-448,642,Logs experimental data,no,mono,no,40,grey,768,no,legacy,pseudorec,xpyriment,OJ,NISJOJ,191,0,3,space,3,771,197003,771,legacy,experiment,2,even,legacy,2187,587871,586867,587871,586363,PRIDEVI_B,no,191,no,1024
96.2962962963,96.2962962963,yes,630,630,black,xpyriment,0,relative,1,1,3,0,161,161,0,0,161,0,161,0,161,0,19,-448,648,Logs experimental data,no,mono,no,40,grey,768,no,legacy,pseudorec,xpyriment,OG,TEZIVOG,123,0,3,space,3,613,197003,613,legacy,experiment,2,even,legacy,2187,590421,589418,590421,588914,PRIDEVI_B,no,123,no,1024
96.3190184049,96.3190184049,yes,630,630,black,xpyriment,0,relative,1,1,1,0,162,162,0,0,162,0,162,0,162,0,19,-448,648,Logs experimental data,no,mono,no,40,grey,768,no,legacy,rec,xpyriment,OM,PROKLETOM,69,0,1,space,1,563,197003,563,legacy,experiment,2,even,legacy,2187,592799,591796,592799,591293,PRIDEVI_B,no,69,no,1024
96.3414634146,96.3414634146,yes,630,630,black,xpyriment,0,relative,1,1,1,0,163,163,0,0,163,0,163,0,163,0,19,-448,657,Logs experimental data,no,mono,no,40,grey,768,no,legacy,rec,xpyriment,OM,DAVNOM,12,0,1,space,1,653,197003,653,legacy,experiment,2,even,legacy,2187,595133,594129,595133,593625,PRIDEVI_B,no,12,no,1024
96.3636363636,96.3636363636,yes,629,629,black,xpyriment,0,relative,1,1,3,0,164,164,0,0,164,0,164,0,164,0,19,-448,657,Logs experimental data,no,mono,no,40,grey,768,no,legacy,pseudorec,xpyriment,OM,DEMITOM,168,0,3,space,3,498,197003,498,legacy,experiment,2,even,legacy,2187,597545,596542,597545,596038,PRIDEVI_B,no,168,no,1024
96.3855421687,96.3855421687,yes,629,629,black,xpyriment,0,relative,1,1,3,0,165,165,0,0,165,0,165,0,165,0,19,-448,670,Logs experimental data,no,mono,no,40,grey,768,no,legacy,pseudorec,xpyriment,OM,SUVANOM,142,0,3,space,3,634,197003,634,legacy,experiment,2,even,legacy,2187,599800,598796,599800,598293,PRIDEVI_B,no,142,no,1024
96.4071856287,96.4071856287,yes,629,629,black,xpyriment,0,relative,1,1,3,0,166,166,0,0,166,0,166,0,166,0,19,-447,717,Logs experimental data,no,mono,no,40,grey,768,no,legacy,pseudorec,xpyriment,OM,KILENOM,159,0,3,space,3,569,197003,569,legacy,experiment,2,even,legacy,2187,602193,601189,602193,600686,PRIDEVI_B,no,159,no,1024
96.4285714286,96.4285714286,yes,630,630,black,xpyriment,0,relative,1,1,1,0,167,167,0,0,167,0,167,0,167,0,19,-447,717,Logs experimental data,no,mono,no,40,grey,768,no,legacy,rec,xpyriment,OM,PLEMENITOM,60,0,1,space,1,879,197003,879,legacy,experiment,2,even,legacy,2187,604531,603527,604530,603023,PRIDEVI_B,no,60,no,1024
96.449704142,96.449704142,yes,630,630,black,xpyriment,0,relative,1,1,3,0,168,168,0,0,168,0,168,0,168,0,19,-447,717,Logs experimental data,no,mono,no,40,grey,768,no,legacy,pseudorec,xpyriment,OM,PEFENOM,170,0,3,space,3,603,197003,603,legacy,experiment,2,even,legacy,2187,607167,606164,607167,605661,PRIDEVI_B,no,170,no,1024
96.4705882353,96.4705882353,yes,629,629,black,xpyriment,0,relative,1,1,3,0,169,169,0,0,169,0,169,0,169,0,19,-405,748,Logs experimental data,no,mono,no,40,grey,768,no,legacy,pseudorec,xpyriment,OM,VILAVOM,165,0,3,space,3,501,197003,501,legacy,experiment,2,even,legacy,2187,609581,608577,609581,608074,PRIDEVI_B,no,165,no,1024
96.4912280702,96.4912280702,yes,629,629,black,xpyriment,0,relative,1,1,3,0,170,170,0,0,170,0,170,0,170,0,19,-405,748,Logs experimental data,no,mono,no,40,grey,768,no,legacy,pseudorec,xpyriment,OM,BUŽNOM,174,0,3,space,3,600,197003,600,legacy,experiment,2,even,legacy,2187,611842,610839,611842,610336,PRIDEVI_B,no,174,no,1024
96.511627907,96.511627907,yes,628,628,black,xpyriment,0,relative,1,1,3,0,171,171,0,0,171,0,171,0,171,0,19,-405,748,Logs experimental data,no,mono,no,40,grey,768,no,legacy,pseudorec,xpyriment,OM,LASIVOM,157,0,3,space,3,346,197003,346,legacy,experiment,2,even,legacy,2187,614217,613214,614217,612710,PRIDEVI_B,no,157,no,1024
96.5317919075,96.5317919075,yes,627,627,black,xpyriment,0,relative,1,1,3,0,172,172,0,0,172,0,172,0,172,0,19,-405,748,Logs experimental data,no,mono,no,40,grey,768,no,legacy,pseudorec,xpyriment,OJ,BLUGAVOJ,193,0,3,space,3,513,197003,513,legacy,experiment,2,even,legacy,2187,616321,615317,616321,614813,PRIDEVI_B,no,193,no,1024
96.5517241379,96.5517241379,yes,626,626,black,xpyriment,0,relative,1,1,1,0,173,173,0,0,173,0,173,0,173,0,19,-405,748,Logs experimental data,no,mono,no,40,grey,768,no,legacy,rec,xpyriment,OG,STRAŠNOG,86,0,1,space,1,511,197003,511,legacy,experiment,2,even,legacy,2187,618595,617591,618594,617087,PRIDEVI_B,no,86,no,1024
96.5714285714,96.5714285714,yes,626,626,black,xpyriment,0,relative,1,1,3,0,174,174,0,0,174,0,174,0,174,0,19,-405,748,Logs experimental data,no,mono,no,40,grey,768,no,legacy,pseudorec,xpyriment,OG,MISANOG,108,0,3,space,3,667,197003,667,legacy,experiment,2,even,legacy,2187,620871,619869,620871,619366,PRIDEVI_B,no,108,no,1024
96.5909090909,96.5909090909,yes,627,627,black,xpyriment,0,relative,1,1,3,0,175,175,0,0,175,0,175,0,175,0,19,-406,752,Logs experimental data,no,mono,no,40,grey,768,no,legacy,pseudorec,xpyriment,OG,ZORAVOG,119,0,3,space,3,666,197003,666,legacy,experiment,2,even,legacy,2187,623320,622317,623320,621813,PRIDEVI_B,no,119,no,1024
96.6101694915,96.6101694915,yes,626,626,black,xpyriment,0,relative,1,1,3,0,176,176,0,0,176,0,176,0,176,0,19,-409,757,Logs experimental data,no,mono,no,40,grey,768,no,legacy,pseudorec,xpyriment,OM,NORNOM,162,0,3,space,3,427,197003,427,legacy,experiment,2,even,legacy,2187,625743,624740,625743,624237,PRIDEVI_B,no,162,no,1024
96.6292134831,96.6292134831,yes,624,624,black,xpyriment,0,relative,1,1,3,0,177,177,0,0,177,0,177,0,177,0,19,-409,757,Logs experimental data,no,mono,no,40,grey,768,no,legacy,pseudorec,xpyriment,OJ,SRLAVOJ,184,0,3,space,3,366,197003,366,legacy,experiment,2,even,legacy,2187,628052,627049,628052,626547,PRIDEVI_B,no,184,no,1024
96.6480446927,96.6480446927,yes,623,623,black,xpyriment,0,relative,1,1,3,0,178,178,0,0,178,0,178,0,178,0,19,-409,757,Logs experimental data,no,mono,no,40,grey,768,no,legacy,pseudorec,xpyriment,OJ,FLARATOJ,203,0,3,space,3,373,197003,373,legacy,experiment,2,even,legacy,2187,630205,629202,630205,628698,PRIDEVI_B,no,203,no,1024
96.6666666667,96.6666666667,yes,623,623,black,xpyriment,0,relative,1,1,1,0,179,179,0,0,179,0,179,0,179,0,19,-409,757,Logs experimental data,no,mono,no,40,grey,768,no,legacy,rec,xpyriment,OG,GUSTOG,23,0,1,space,1,746,197003,746,legacy,experiment,2,even,legacy,2187,632344,631340,632344,630836,PRIDEVI_B,no,23,no,1024
96.6850828729,96.6850828729,yes,624,624,black,xpyriment,0,relative,1,1,1,0,180,180,0,0,180,0,180,0,180,0,19,-409,757,Logs experimental data,no,mono,no,40,grey,768,no,legacy,rec,xpyriment,OM,UPORNOM,96,0,1,space,1,701,197003,701,legacy,experiment,2,even,legacy,2187,634925,633922,634925,633418,PRIDEVI_B,no,96,no,1024
96.7032967033,96.7032967033,yes,624,624,black,xpyriment,0,relative,1,1,1,0,181,181,0,0,181,0,181,0,181,0,19,-410,758,Logs experimental data,no,mono,no,40,grey,768,no,legacy,rec,xpyriment,OG,NEMIRNOG,47,0,1,space,1,608,197003,608,legacy,experiment,2,even,legacy,2187,637394,636390,637394,635886,PRIDEVI_B,no,47,no,1024
96.7213114754,96.7213114754,yes,623,623,black,xpyriment,0,relative,1,1,3,0,182,182,0,0,182,0,182,0,182,0,19,-412,762,Logs experimental data,no,mono,no,40,grey,768,no,legacy,pseudorec,xpyriment,OG,RIGONOG,128,0,3,space,3,579,197003,579,legacy,experiment,2,even,legacy,2187,639783,638779,639783,638276,PRIDEVI_B,no,128,no,1024
96.7391304348,96.7391304348,yes,623,623,black,xpyriment,0,relative,1,1,1,0,183,183,0,0,183,0,183,0,183,0,19,-412,762,Logs experimental data,no,mono,no,40,grey,768,no,legacy,rec,xpyriment,OG,SLIČNOG,80,0,1,space,1,524,197003,524,legacy,experiment,2,even,legacy,2187,642126,641123,642126,640619,PRIDEVI_B,no,80,no,1024
96.7567567568,96.7567567568,yes,623,623,black,xpyriment,0,relative,1,1,1,0,184,184,0,0,184,0,184,0,184,0,19,-412,762,Logs experimental data,no,mono,no,40,grey,768,no,legacy,rec,xpyriment,OG,GORKOG,20,0,1,space,1,639,197003,639,legacy,experiment,2,even,legacy,2187,644427,643424,644427,642920,PRIDEVI_B,no,20,no,1024
96.7741935484,96.7741935484,yes,625,625,black,xpyriment,0,relative,1,1,3,0,185,185,0,0,185,0,185,0,185,0,19,-412,762,Logs experimental data,no,mono,no,40,grey,768,no,legacy,pseudorec,xpyriment,OM,PITOROM,166,0,3,space,3,994,197003,994,legacy,experiment,2,even,legacy,2187,646848,645845,646848,645341,PRIDEVI_B,no,166,no,1024
96.7914438503,96.7914438503,yes,624,624,black,xpyriment,0,relative,1,1,3,0,186,186,0,0,186,0,186,0,186,0,19,-412,762,Logs experimental data,no,mono,no,40,grey,768,no,legacy,pseudorec,xpyriment,OM,RISOKOM,149,0,3,space,3,534,197003,534,legacy,experiment,2,even,legacy,2187,649628,648625,649628,648122,PRIDEVI_B,no,149,no,1024
96.8085106383,96.8085106383,yes,624,624,black,xpyriment,0,relative,1,1,3,0,187,187,0,0,187,0,187,0,187,0,19,-412,762,Logs experimental data,no,mono,no,40,grey,768,no,legacy,pseudorec,xpyriment,OG,TENOKOG,140,0,3,space,3,622,197003,622,legacy,experiment,2,even,legacy,2187,651948,650945,651948,650440,PRIDEVI_B,no,140,no,1024
96.8253968254,96.8253968254,yes,624,624,black,xpyriment,0,relative,1,1,3,0,188,188,0,0,188,0,188,0,188,0,19,-412,762,Logs experimental data,no,mono,no,40,grey,768,no,legacy,pseudorec,xpyriment,OG,LARUTOG,114,0,3,space,3,518,197003,518,legacy,experiment,2,even,legacy,2187,654364,653361,654364,652857,PRIDEVI_B,no,114,no,1024
96.8421052632,96.8421052632,yes,624,624,black,xpyriment,0,relative,1,1,1,0,189,189,0,0,189,0,189,0,189,0,19,-412,763,Logs experimental data,no,mono,no,40,grey,768,no,legacy,rec,xpyriment,OM,FILMSKOM,18,0,1,space,1,573,197003,573,legacy,experiment,2,even,legacy,2187,656677,655673,656677,655170,PRIDEVI_B,no,18,no,1024
96.8586387435,96.8586387435,yes,623,623,black,xpyriment,0,relative,1,1,3,0,190,190,0,0,190,0,190,0,190,0,19,-412,763,Logs experimental data,no,mono,no,40,grey,768,no,legacy,pseudorec,xpyriment,OG,TOLANOG,111,0,3,space,3,459,197003,459,legacy,experiment,2,even,legacy,2187,659063,658059,659063,657555,PRIDEVI_B,no,111,no,1024
96.875,96.875,yes,622,622,black,xpyriment,0,relative,1,1,3,0,191,191,0,0,191,0,191,0,191,0,19,-415,764,Logs experimental data,no,mono,no,40,grey,768,no,legacy,pseudorec,xpyriment,OM,ČUPAKOM,167,0,3,space,3,467,197003,467,legacy,experiment,2,even,legacy,2187,661287,660284,661287,659780,PRIDEVI_B,no,167,no,1024
96.8911917098,96.8911917098,yes,622,622,black,xpyriment,0,relative,1,1,1,0,192,192,0,0,192,0,192,0,192,0,19,-415,773,Logs experimental data,no,mono,no,40,grey,768,no,legacy,rec,xpyriment,OJ,ŠUMSKOJ,88,0,1,space,1,665,197003,665,legacy,experiment,2,even,legacy,2187,663513,662509,663513,662005,PRIDEVI_B,no,88,no,1024
96.9072164948,96.9072164948,yes,622,622,black,xpyriment,0,relative,1,1,3,0,193,193,0,0,193,0,193,0,193,0,19,-414,774,Logs experimental data,no,mono,no,40,grey,768,no,legacy,pseudorec,xpyriment,OJ,NELAHOJ,186,0,3,space,3,582,197003,582,legacy,experiment,2,even,legacy,2187,666012,665008,666012,664504,PRIDEVI_B,no,186,no,1024
96.9230769231,96.9230769231,yes,623,623,black,xpyriment,0,relative,1,1,3,0,194,194,0,0,194,0,194,0,194,0,19,-414,774,Logs experimental data,no,mono,no,40,grey,768,no,legacy,pseudorec,xpyriment,OM,KESANOM,145,0,3,space,3,775,197003,775,legacy,experiment,2,even,legacy,2187,668371,667368,668371,666863,PRIDEVI_B,no,145,no,1024
96.9387755102,96.9387755102,yes,623,623,black,xpyriment,0,relative,1,1,3,0,195,195,0,0,195,0,195,0,195,0,19,-413,775,Logs experimental data,no,mono,no,40,grey,768,no,legacy,pseudorec,xpyriment,OJ,BUTOJ,209,0,3,space,3,598,197003,598,legacy,experiment,2,even,legacy,2187,670908,669904,670908,669400,PRIDEVI_B,no,209,no,1024
96.9543147208,96.9543147208,yes,622,622,black,xpyriment,0,relative,1,1,3,0,196,196,0,0,196,0,196,0,196,0,19,-413,775,Logs experimental data,no,mono,no,40,grey,768,no,legacy,pseudorec,xpyriment,OG,DILAVOG,135,0,3,space,3,527,197003,527,legacy,experiment,2,even,legacy,2187,673267,672263,673267,671759,PRIDEVI_B,no,135,no,1024
96.9696969697,96.9696969697,yes,622,622,black,xpyriment,0,relative,1,1,1,0,197,197,0,0,197,0,197,0,197,0,19,-413,775,Logs experimental data,no,mono,no,40,grey,768,no,legacy,rec,xpyriment,OM,JAKOM,24,0,1,space,1,523,197003,523,legacy,experiment,2,even,legacy,2187,675551,674547,675550,674043,PRIDEVI_B,no,24,no,1024
96.9849246231,96.9849246231,yes,621,621,black,xpyriment,0,relative,1,1,3,0,198,198,0,0,198,0,198,0,198,0,19,-417,779,Logs experimental data,no,mono,no,40,grey,768,no,legacy,pseudorec,xpyriment,OG,DORANOG,110,0,3,space,3,482,197003,482,legacy,experiment,2,even,legacy,2187,677832,676829,677832,676325,PRIDEVI_B,no,110,no,1024
97,97,yes,621,621,black,xpyriment,0,relative,1,1,1,0,199,199,0,0,199,0,199,0,199,0,19,-417,785,Logs experimental data,no,mono,no,40,grey,768,no,legacy,rec,xpyriment,OM,TEHNIČKOM,93,0,1,space,1,572,197003,572,legacy,experiment,2,even,legacy,2187,680070,679067,680070,678563,PRIDEVI_B,no,93,no,1024
97.0149253731,97.0149253731,yes,620,620,black,xpyriment,0,relative,1,1,1,0,200,200,0,0,200,0,200,0,200,0,19,-417,789,Logs experimental data,no,mono,no,40,grey,768,no,legacy,rec,xpyriment,OJ,SLAVNOJ,79,0,1,space,1,477,197003,477,legacy,experiment,2,even,legacy,2187,682397,681394,682397,680891,PRIDEVI_B,no,79,no,1024
97.0297029703,97.0297029703,yes,619,619,black,xpyriment,0,relative,1,1,1,0,201,201,0,0,201,0,201,0,201,0,19,-417,793,Logs experimental data,no,mono,no,40,grey,768,no,legacy,rec,xpyriment,OG,NEVINOG,50,0,1,space,1,513,197003,513,legacy,experiment,2,even,legacy,2187,684641,683637,684640,683133,PRIDEVI_B,no,50,no,1024
97.0443349754,97.0443349754,yes,620,620,black,xpyriment,0,relative,1,1,1,0,202,202,0,0,202,0,202,0,202,0,19,-417,808,Logs experimental data,no,mono,no,40,grey,768,no,legacy,rec,xpyriment,OG,MRAČNOG,41,0,1,space,1,732,197003,732,legacy,experiment,2,even,legacy,2187,686910,685908,686910,685404,PRIDEVI_B,no,41,no,1024
97.0588235294,97.0588235294,yes,620,620,black,xpyriment,0,relative,1,1,1,0,203,203,0,0,203,0,203,0,203,0,19,-417,812,Logs experimental data,no,mono,no,40,grey,768,no,legacy,rec,xpyriment,OG,MALENOG,35,0,1,space,1,589,197003,589,legacy,experiment,2,even,legacy,2187,689397,688394,689397,687891,PRIDEVI_B,no,35,no,1024
97.0731707317,97.0731707317,yes,619,619,black,xpyriment,0,relative,1,1,1,0,204,204,0,0,204,0,204,0,204,0,19,-417,815,Logs experimental data,no,mono,no,40,grey,768,no,legacy,rec,xpyriment,OG,POSEBNOG,62,0,1,space,1,435,197003,435,legacy,experiment,2,even,legacy,2187,691743,690739,691743,690236,PRIDEVI_B,no,62,no,1024
97.0873786408,97.0873786408,yes,618,618,black,xpyriment,0,relative,1,1,1,0,205,205,0,0,205,0,205,0,205,0,19,-417,815,Logs experimental data,no,mono,no,40,grey,768,no,legacy,rec,xpyriment,OG,ODLIČNOG,56,0,1,space,1,498,197003,498,legacy,experiment,2,even,legacy,2187,693992,692989,693992,692485,PRIDEVI_B,no,56,no,1024
97.1014492754,97.1014492754,yes,618,618,black,xpyriment,0,relative,1,1,1,0,206,206,0,0,206,0,206,0,206,0,19,-417,815,Logs experimental data,no,mono,no,40,grey,768,no,legacy,rec,xpyriment,OM,BURNOM,6,0,1,space,1,526,197003,526,legacy,experiment,2,even,legacy,2187,696276,695273,696276,694769,PRIDEVI_B,no,6,no,1024
97.1153846154,97.1153846154,yes,617,617,black,xpyriment,0,relative,1,1,1,0,207,207,0,0,207,0,207,0,207,0,19,-417,815,Logs experimental data,no,mono,no,40,grey,768,no,legacy,rec,xpyriment,OM,ZLATNOM,105,0,1,space,1,407,197003,407,legacy,experiment,2,even,legacy,2187,698611,697607,698611,697103,PRIDEVI_B,no,105,no,1024
97.1291866029,97.1291866029,yes,617,617,black,xpyriment,0,relative,1,1,1,0,208,208,0,0,208,0,208,0,208,0,19,-415,816,Logs experimental data,no,mono,no,40,grey,768,no,legacy,rec,xpyriment,OG,OZBILJNOG,59,0,1,space,1,693,197003,693,legacy,experiment,2,even,legacy,2187,700805,699801,700805,699297,PRIDEVI_B,no,59,no,1024
97.1428571429,97.1428571429,yes,616,616,black,xpyriment,0,relative,1,1,1,0,209,209,0,0,209,0,209,0,209,0,19,-415,816,Logs experimental data,no,mono,no,40,grey,768,no,legacy,rec,xpyriment,OJ,BOLESNOJ,4,0,1,space,1,411,197003,411,legacy,experiment,2,even,legacy,2187,703255,702252,703255,701748,PRIDEVI_B,no,4,no,1024
96.682464455,96.682464455,yes,615,615,black,xpyriment,0,relative,0,0,3,0,210,210,0,0,210,0,210,0,210,0,19,-415,821,Logs experimental data,no,mono,no,40,grey,768,no,legacy,pseudorec,xpyriment,OG,VETANOG,124,0,1,space,1,355,197003,355,legacy,experiment,2,even,legacy,2187,705431,704426,705431,703922,PRIDEVI_B,no,124,no,1024
96.6981132075,96.6981132075,yes,615,615,black,xpyriment,0,relative,1,1,1,0,211,211,0,0,211,0,211,0,211,0,19,-415,821,Logs experimental data,no,mono,no,40,grey,768,no,legacy,rec,xpyriment,OJ,POZNATOJ,64,0,1,space,1,617,197003,617,legacy,experiment,2,even,legacy,2187,707553,706549,707553,706046,PRIDEVI_B,no,64,no,1024
96.7136150235,96.7136150235,yes,615,615,black,xpyriment,0,relative,1,1,3,0,212,212,0,0,212,0,212,0,212,0,19,-415,821,Logs experimental data,no,mono,no,40,grey,768,no,legacy,pseudorec,xpyriment,OG,VURNOG,117,0,3,space,3,633,197003,633,legacy,experiment,2,even,legacy,2187,709929,708926,709929,708422,PRIDEVI_B,no,117,no,1024
96.7289719626,96.7289719626,yes,615,615,black,xpyriment,0,relative,1,1,3,0,213,213,0,0,213,0,213,0,213,0,19,-416,821,Logs experimental data,no,mono,no,40,grey,768,no,legacy,pseudorec,xpyriment,OJ,FORKOJ,183,0,3,space,3,557,197003,557,legacy,experiment,2,even,legacy,2187,712317,711313,712317,710810,PRIDEVI_B,no,183,no,1024
96.7441860465,96.7441860465,yes,615,615,black,xpyriment,0,relative,1,1,3,0,214,214,0,0,214,0,214,0,214,0,19,-416,821,Logs experimental data,no,mono,no,40,grey,768,no,legacy,pseudorec,xpyriment,OM,SULNOM,150,0,3,space,3,634,197003,634,legacy,experiment,2,even,legacy,2187,714632,713628,714632,713124,PRIDEVI_B,no,150,no,1024
96.7592592593,96.7592592593,yes,614,614,black,xpyriment,0,relative,1,1,3,0,215,215,0,0,215,0,215,0,215,0,19,-416,821,Logs experimental data,no,mono,no,40,grey,768,no,legacy,pseudorec,xpyriment,OJ,VOLENOJ,205,0,3,space,3,500,197003,500,legacy,experiment,2,even,legacy,2187,717022,716019,717022,715516,PRIDEVI_B,no,205,no,1024
96.7741935484,96.7741935484,yes,614,614,black,xpyriment,0,relative,1,1,1,0,216,216,0,0,216,0,216,0,216,0,19,-416,821,Logs experimental data,no,mono,no,40,grey,768,no,legacy,rec,xpyriment,OM,SELJAČKOM,75,0,1,space,1,554,197003,554,legacy,experiment,2,even,legacy,2187,719280,718276,719279,717773,PRIDEVI_B,no,75,no,1024
96.7889908257,96.7889908257,yes,614,614,black,xpyriment,0,relative,1,1,3,0,217,217,0,0,217,0,217,0,217,0,19,-416,821,Logs experimental data,no,mono,no,40,grey,768,no,legacy,pseudorec,xpyriment,OG,LOKAVOG,115,0,3,space,3,539,197003,539,legacy,experiment,2,even,legacy,2187,721591,720588,721591,720084,PRIDEVI_B,no,115,no,1024
96.803652968,96.803652968,yes,613,613,black,xpyriment,0,relative,1,1,3,0,218,218,0,0,218,0,218,0,218,0,19,-416,821,Logs experimental data,no,mono,no,40,grey,768,no,legacy,pseudorec,xpyriment,OM,TULAVOM,152,0,3,space,3,493,197003,493,legacy,experiment,2,even,legacy,2187,723901,722897,723901,722394,PRIDEVI_B,no,152,no,1024
96.8181818182,96.8181818182,yes,613,613,black,xpyriment,0,relative,1,1,3,0,219,219,0,0,219,0,219,0,219,0,19,-416,821,Logs experimental data,no,mono,no,40,grey,768,no,legacy,pseudorec,xpyriment,OM,ŽUNAVOM,147,0,3,space,3,472,197003,472,legacy,experiment,2,even,legacy,2187,726154,725150,726154,724647,PRIDEVI_B,no,147,no,1024
96.8325791855,96.8325791855,yes,615,615,black,xpyriment,0,relative,1,1,1,0,220,220,0,0,220,0,220,0,220,0,19,-416,821,Logs experimental data,no,mono,no,40,grey,768,no,legacy,rec,xpyriment,OM,OGROMNOM,57,0,1,space,1,1213,197003,1213,legacy,experiment,2,even,legacy,2187,728389,727386,728389,726882,PRIDEVI_B,no,57,no,1024
96.8468468468,96.8468468468,yes,616,616,black,xpyriment,0,relative,1,1,3,0,221,221,0,0,221,0,221,0,221,0,19,-416,821,Logs experimental data,no,mono,no,40,grey,768,no,legacy,pseudorec,xpyriment,OM,NJERNOM,171,0,3,space,3,831,197003,831,legacy,experiment,2,even,legacy,2187,731363,730359,731363,729855,PRIDEVI_B,no,171,no,1024
96.8609865471,96.8609865471,yes,616,616,black,xpyriment,0,relative,1,1,1,0,222,222,0,0,222,0,222,0,222,0,19,-416,821,Logs experimental data,no,mono,no,40,grey,768,no,legacy,rec,xpyriment,OJ,GRADSKOJ,22,0,1,space,1,578,197003,578,legacy,experiment,2,even,legacy,2187,733976,732972,733976,732468,PRIDEVI_B,no,22,no,1024
96.875,96.875,yes,617,617,black,xpyriment,0,relative,1,1,1,0,223,223,0,0,223,0,223,0,223,0,19,-416,821,Logs experimental data,no,mono,no,40,grey,768,no,legacy,rec,xpyriment,OG,UMORNOG,95,0,1,space,1,938,197003,938,legacy,experiment,2,even,legacy,2187,736352,735349,736352,734846,PRIDEVI_B,no,95,no,1024
96.8888888889,96.8888888889,yes,618,618,black,xpyriment,0,relative,1,1,3,0,224,224,0,0,224,0,224,0,224,0,19,-416,822,Logs experimental data,no,mono,no,40,grey,768,no,legacy,pseudorec,xpyriment,OG,LATNOG,134,0,3,space,3,674,197003,674,legacy,experiment,2,even,legacy,2187,739048,738044,739047,737540,PRIDEVI_B,no,134,no,1024
96.9026548673,96.9026548673,yes,617,617,black,xpyriment,0,relative,1,1,3,0,225,225,0,0,225,0,225,0,225,0,19,-416,822,Logs experimental data,no,mono,no,40,grey,768,no,legacy,pseudorec,xpyriment,OG,RILEMOG,113,0,3,space,3,527,197003,527,legacy,experiment,2,even,legacy,2187,741579,740575,741579,740072,PRIDEVI_B,no,113,no,1024
96.9162995595,96.9162995595,yes,617,617,black,xpyriment,0,relative,1,1,3,0,226,226,0,0,226,0,226,0,226,0,19,-416,822,Logs experimental data,no,mono,no,40,grey,768,no,legacy,pseudorec,xpyriment,OJ,ZEGENOJ,207,0,3,space,3,613,197003,613,legacy,experiment,2,even,legacy,2187,743869,742866,743869,742362,PRIDEVI_B,no,207,no,1024
96.9298245614,96.9298245614,yes,619,619,black,xpyriment,0,relative,1,1,1,0,227,227,0,0,227,0,227,0,227,0,19,-416,822,Logs experimental data,no,mono,no,40,grey,768,no,legacy,rec,xpyriment,OM,STAKLENOM,84,0,1,space,1,991,197003,991,legacy,experiment,2,even,legacy,2187,746251,745248,746251,744745,PRIDEVI_B,no,84,no,1024
96.943231441,96.943231441,yes,619,619,black,xpyriment,0,relative,1,1,3,0,228,228,0,0,228,0,228,0,228,0,19,-417,847,Logs experimental data,no,mono,no,40,grey,768,no,legacy,pseudorec,xpyriment,OJ,KLAKNOJ,188,0,3,space,3,643,197003,643,legacy,experiment,2,even,legacy,2187,749015,748010,749014,747507,PRIDEVI_B,no,188,no,1024
96.9565217391,96.9565217391,yes,619,619,black,xpyriment,0,relative,1,1,1,0,229,229,0,0,229,0,229,0,229,0,19,-417,848,Logs experimental data,no,mono,no,40,grey,768,no,legacy,rec,xpyriment,OJ,TAČNOJ,91,0,1,space,1,615,197003,615,legacy,experiment,2,even,legacy,2187,751435,750431,751435,749928,PRIDEVI_B,no,91,no,1024
96.9696969697,96.9696969697,yes,619,619,black,xpyriment,0,relative,1,1,3,0,230,230,0,0,230,0,230,0,230,0,19,-417,848,Logs experimental data,no,mono,no,40,grey,768,no,legacy,pseudorec,xpyriment,OJ,GUJAFOJ,211,0,3,space,3,505,197003,505,legacy,experiment,2,even,legacy,2187,753817,752814,753817,752311,PRIDEVI_B,no,211,no,1024
96.9827586207,96.9827586207,yes,618,618,black,xpyriment,0,relative,1,1,1,0,231,231,0,0,231,0,231,0,231,0,19,-415,856,Logs experimental data,no,mono,no,40,grey,768,no,legacy,rec,xpyriment,OJ,RADOSNOJ,70,0,1,space,1,592,197003,592,legacy,experiment,2,even,legacy,2187,756146,755142,756146,754639,PRIDEVI_B,no,70,no,1024
